time,X,Y,Theta
0.0,0.0,0.0,0.0
0.0,0.04,0.0,0.0
0.0,0.08,0.0,0.0
0.0,0.12,0.0,0.0
0.0,0.16,0.0,0.0
0.0,0.2,0.0,0.0
0.0,0.24,0.0,0.0
0.0,0.28,0.0,0.0
0.0,0.32,0.0,0.0
0.0,0.36,0.0,0.0
0.0,0.4,0.0,0.0
0.0,0.44,0.0,0.0
0.0,0.48,0.0,0.0
0.0,0.52,0.0,0.0
0.0,0.56,0.0,0.0
0.0,0.6,0.0,0.0
0.0,0.64,0.0,0.0
0.0,0.68,0.0,0.0
0.0,0.72,0.0,0.0
0.0,0.76,0.0,0.0
0.0,0.8,0.0,0.0
0.0,0.84,0.0,0.0
0.0,0.88,0.0,0.0
0.0,0.92,0.0,0.0
0.0,0.96,0.0,0.0
0.0,1.0,0.0,0.0
0.0,0.0,0.04,0.0
0.0,0.04,0.04,0.0
0.0,0.08,0.04,0.0
0.0,0.12,0.04,0.0
0.0,0.16,0.04,0.0
0.0,0.2,0.04,0.0
0.0,0.24,0.04,0.0
0.0,0.28,0.04,0.0
0.0,0.32,0.04,0.0
0.0,0.36,0.04,0.0
0.0,0.4,0.04,0.0
0.0,0.44,0.04,0.0
0.0,0.48,0.04,0.0
0.0,0.52,0.04,0.0
0.0,0.56,0.04,0.0
0.0,0.6,0.04,0.0
0.0,0.64,0.04,0.0
0.0,0.68,0.04,0.0
0.0,0.72,0.04,0.0
0.0,0.76,0.04,0.0
0.0,0.8,0.04,0.0
0.0,0.84,0.04,0.0
0.0,0.88,0.04,0.0
0.0,0.92,0.04,0.0
0.0,0.96,0.04,0.0
0.0,1.0,0.04,0.0
0.0,0.0,0.08,0.0
0.0,0.04,0.08,0.0
0.0,0.08,0.08,0.0
0.0,0.12,0.08,0.0
0.0,0.16,0.08,0.0
0.0,0.2,0.08,0.0
0.0,0.24,0.08,0.0
0.0,0.28,0.08,0.0
0.0,0.32,0.08,0.0
0.0,0.36,0.08,0.0
0.0,0.4,0.08,0.0
0.0,0.44,0.08,0.0
0.0,0.48,0.08,0.0
0.0,0.52,0.08,0.0
0.0,0.56,0.08,0.0
0.0,0.6,0.08,0.0
0.0,0.64,0.08,0.0
0.0,0.68,0.08,0.0
0.0,0.72,0.08,0.0
0.0,0.76,0.08,0.0
0.0,0.8,0.08,0.0
0.0,0.84,0.08,0.0
0.0,0.88,0.08,0.0
0.0,0.92,0.08,0.0
0.0,0.96,0.08,0.0
0.0,1.0,0.08,0.0
0.0,0.0,0.12,0.0
0.0,0.04,0.12,0.0
0.0,0.08,0.12,0.0
0.0,0.12,0.12,0.0
0.0,0.16,0.12,0.0
0.0,0.2,0.12,0.0
0.0,0.24,0.12,0.0
0.0,0.28,0.12,0.0
0.0,0.32,0.12,0.0
0.0,0.36,0.12,0.0
0.0,0.4,0.12,0.0
0.0,0.44,0.12,0.0
0.0,0.48,0.12,0.0
0.0,0.52,0.12,0.0
0.0,0.56,0.12,0.0
0.0,0.6,0.12,0.0
0.0,0.64,0.12,0.0
0.0,0.68,0.12,0.0
0.0,0.72,0.12,0.0
0.0,0.76,0.12,0.0
0.0,0.8,0.12,0.0
0.0,0.84,0.12,0.0
0.0,0.88,0.12,0.0
0.0,0.92,0.12,0.0
0.0,0.96,0.12,0.0
0.0,1.0,0.12,0.0
0.0,0.0,0.16,0.0
0.0,0.04,0.16,0.0
0.0,0.08,0.16,0.0
0.0,0.12,0.16,0.0
0.0,0.16,0.16,0.0
0.0,0.2,0.16,0.0
0.0,0.24,0.16,0.0
0.0,0.28,0.16,0.0
0.0,0.32,0.16,0.0
0.0,0.36,0.16,0.0
0.0,0.4,0.16,0.0
0.0,0.44,0.16,0.0
0.0,0.48,0.16,0.0
0.0,0.52,0.16,0.0
0.0,0.56,0.16,0.0
0.0,0.6,0.16,0.0
0.0,0.64,0.16,0.0
0.0,0.68,0.16,0.0
0.0,0.72,0.16,0.0
0.0,0.76,0.16,0.0
0.0,0.8,0.16,0.0
0.0,0.84,0.16,0.0
0.0,0.88,0.16,0.0
0.0,0.92,0.16,0.0
0.0,0.96,0.16,0.0
0.0,1.0,0.16,0.0
0.0,0.0,0.2,0.0
0.0,0.04,0.2,0.0
0.0,0.08,0.2,0.0
0.0,0.12,0.2,0.0
0.0,0.16,0.2,0.0
0.0,0.2,0.2,0.0
0.0,0.24,0.2,0.0
0.0,0.28,0.2,0.0
0.0,0.32,0.2,0.0
0.0,0.36,0.2,0.0
0.0,0.4,0.2,0.0
0.0,0.44,0.2,0.0
0.0,0.48,0.2,0.0
0.0,0.52,0.2,0.0
0.0,0.56,0.2,0.0
0.0,0.6,0.2,0.0
0.0,0.64,0.2,0.0
0.0,0.68,0.2,0.0
0.0,0.72,0.2,0.0
0.0,0.76,0.2,0.0
0.0,0.8,0.2,0.0
0.0,0.84,0.2,0.0
0.0,0.88,0.2,0.0
0.0,0.92,0.2,0.0
0.0,0.96,0.2,0.0
0.0,1.0,0.2,0.0
0.0,0.0,0.24,0.0
0.0,0.04,0.24,0.0
0.0,0.08,0.24,0.0
0.0,0.12,0.24,0.0
0.0,0.16,0.24,0.0
0.0,0.2,0.24,0.0
0.0,0.24,0.24,0.0
0.0,0.28,0.24,0.0
0.0,0.32,0.24,0.0
0.0,0.36,0.24,0.0
0.0,0.4,0.24,0.0
0.0,0.44,0.24,0.0
0.0,0.48,0.24,0.0
0.0,0.52,0.24,0.0
0.0,0.56,0.24,0.0
0.0,0.6,0.24,0.0
0.0,0.64,0.24,0.0
0.0,0.68,0.24,0.0
0.0,0.72,0.24,0.0
0.0,0.76,0.24,0.0
0.0,0.8,0.24,0.0
0.0,0.84,0.24,0.0
0.0,0.88,0.24,0.0
0.0,0.92,0.24,0.0
0.0,0.96,0.24,0.0
0.0,1.0,0.24,0.0
0.0,0.0,0.28,0.0
0.0,0.04,0.28,0.0
0.0,0.08,0.28,0.0
0.0,0.12,0.28,0.0
0.0,0.16,0.28,0.0
0.0,0.2,0.28,0.0
0.0,0.24,0.28,0.0
0.0,0.28,0.28,0.0
0.0,0.32,0.28,0.0
0.0,0.36,0.28,0.0
0.0,0.4,0.28,0.0
0.0,0.44,0.28,0.0
0.0,0.48,0.28,0.0
0.0,0.52,0.28,0.0
0.0,0.56,0.28,0.0
0.0,0.6,0.28,0.0
0.0,0.64,0.28,0.0
0.0,0.68,0.28,0.0
0.0,0.72,0.28,0.0
0.0,0.76,0.28,0.0
0.0,0.8,0.28,0.0
0.0,0.84,0.28,0.0
0.0,0.88,0.28,0.0
0.0,0.92,0.28,0.0
0.0,0.96,0.28,0.0
0.0,1.0,0.28,0.0
0.0,0.0,0.32,0.0
0.0,0.04,0.32,0.0
0.0,0.08,0.32,0.0
0.0,0.12,0.32,0.0
0.0,0.16,0.32,0.0
0.0,0.2,0.32,0.0
0.0,0.24,0.32,0.0
0.0,0.28,0.32,0.0
0.0,0.32,0.32,0.0
0.0,0.36,0.32,0.0
0.0,0.4,0.32,0.0
0.0,0.44,0.32,0.0
0.0,0.48,0.32,0.0
0.0,0.52,0.32,0.0
0.0,0.56,0.32,0.0
0.0,0.6,0.32,0.0
0.0,0.64,0.32,0.0
0.0,0.68,0.32,0.0
0.0,0.72,0.32,0.0
0.0,0.76,0.32,0.0
0.0,0.8,0.32,0.0
0.0,0.84,0.32,0.0
0.0,0.88,0.32,0.0
0.0,0.92,0.32,0.0
0.0,0.96,0.32,0.0
0.0,1.0,0.32,0.0
0.0,0.0,0.36,0.0
0.0,0.04,0.36,0.0
0.0,0.08,0.36,0.0
0.0,0.12,0.36,0.0
0.0,0.16,0.36,0.0
0.0,0.2,0.36,0.0
0.0,0.24,0.36,0.0
0.0,0.28,0.36,0.0
0.0,0.32,0.36,0.0
0.0,0.36,0.36,0.0
0.0,0.4,0.36,0.0
0.0,0.44,0.36,0.0
0.0,0.48,0.36,0.0
0.0,0.52,0.36,0.0
0.0,0.56,0.36,0.0
0.0,0.6,0.36,0.0
0.0,0.64,0.36,0.0
0.0,0.68,0.36,0.0
0.0,0.72,0.36,0.0
0.0,0.76,0.36,0.0
0.0,0.8,0.36,0.0
0.0,0.84,0.36,0.0
0.0,0.88,0.36,0.0
0.0,0.92,0.36,0.0
0.0,0.96,0.36,0.0
0.0,1.0,0.36,0.0
0.0,0.0,0.4,0.0
0.0,0.04,0.4,0.0
0.0,0.08,0.4,0.0
0.0,0.12,0.4,0.0
0.0,0.16,0.4,0.0
0.0,0.2,0.4,0.0
0.0,0.24,0.4,0.0
0.0,0.28,0.4,0.0
0.0,0.32,0.4,0.0
0.0,0.36,0.4,0.0
0.0,0.4,0.4,0.0
0.0,0.44,0.4,0.0
0.0,0.48,0.4,0.0
0.0,0.52,0.4,0.0
0.0,0.56,0.4,0.0
0.0,0.6,0.4,0.0
0.0,0.64,0.4,0.0
0.0,0.68,0.4,0.0
0.0,0.72,0.4,0.0
0.0,0.76,0.4,0.0
0.0,0.8,0.4,0.0
0.0,0.84,0.4,0.0
0.0,0.88,0.4,0.0
0.0,0.92,0.4,0.0
0.0,0.96,0.4,0.0
0.0,1.0,0.4,0.0
0.0,0.0,0.44,0.0
0.0,0.04,0.44,0.0
0.0,0.08,0.44,0.0
0.0,0.12,0.44,0.0
0.0,0.16,0.44,0.0
0.0,0.2,0.44,0.0
0.0,0.24,0.44,0.0
0.0,0.28,0.44,0.0
0.0,0.32,0.44,0.0
0.0,0.36,0.44,0.0
0.0,0.4,0.44,0.0
0.0,0.44,0.44,0.0
0.0,0.48,0.44,0.0
0.0,0.52,0.44,0.0
0.0,0.56,0.44,0.0
0.0,0.6,0.44,0.0
0.0,0.64,0.44,0.0
0.0,0.68,0.44,0.0
0.0,0.72,0.44,0.0
0.0,0.76,0.44,0.0
0.0,0.8,0.44,0.0
0.0,0.84,0.44,0.0
0.0,0.88,0.44,0.0
0.0,0.92,0.44,0.0
0.0,0.96,0.44,0.0
0.0,1.0,0.44,0.0
0.0,0.0,0.48,0.0
0.0,0.04,0.48,0.0
0.0,0.08,0.48,0.0
0.0,0.12,0.48,0.0
0.0,0.16,0.48,0.0
0.0,0.2,0.48,0.0
0.0,0.24,0.48,0.0
0.0,0.28,0.48,0.0
0.0,0.32,0.48,0.0
0.0,0.36,0.48,0.0
0.0,0.4,0.48,0.0
0.0,0.44,0.48,0.0
0.0,0.48,0.48,0.0
0.0,0.52,0.48,0.0
0.0,0.56,0.48,0.0
0.0,0.6,0.48,0.0
0.0,0.64,0.48,0.0
0.0,0.68,0.48,0.0
0.0,0.72,0.48,0.0
0.0,0.76,0.48,0.0
0.0,0.8,0.48,0.0
0.0,0.84,0.48,0.0
0.0,0.88,0.48,0.0
0.0,0.92,0.48,0.0
0.0,0.96,0.48,0.0
0.0,1.0,0.48,0.0
0.0,0.0,0.52,0.0
0.0,0.04,0.52,0.0
0.0,0.08,0.52,0.0
0.0,0.12,0.52,0.0
0.0,0.16,0.52,0.0
0.0,0.2,0.52,0.0
0.0,0.24,0.52,0.0
0.0,0.28,0.52,0.0
0.0,0.32,0.52,0.0
0.0,0.36,0.52,0.0
0.0,0.4,0.52,0.0
0.0,0.44,0.52,0.0
0.0,0.48,0.52,0.0
0.0,0.52,0.52,0.0
0.0,0.56,0.52,0.0
0.0,0.6,0.52,0.0
0.0,0.64,0.52,0.0
0.0,0.68,0.52,0.0
0.0,0.72,0.52,0.0
0.0,0.76,0.52,0.0
0.0,0.8,0.52,0.0
0.0,0.84,0.52,0.0
0.0,0.88,0.52,0.0
0.0,0.92,0.52,0.0
0.0,0.96,0.52,0.0
0.0,1.0,0.52,0.0
0.0,0.0,0.56,0.0
0.0,0.04,0.56,0.0
0.0,0.08,0.56,0.0
0.0,0.12,0.56,0.0
0.0,0.16,0.56,0.0
0.0,0.2,0.56,0.0
0.0,0.24,0.56,0.0
0.0,0.28,0.56,0.0
0.0,0.32,0.56,0.0
0.0,0.36,0.56,0.0
0.0,0.4,0.56,0.0
0.0,0.44,0.56,0.0
0.0,0.48,0.56,0.0
0.0,0.52,0.56,0.0
0.0,0.56,0.56,0.0
0.0,0.6,0.56,0.0
0.0,0.64,0.56,0.0
0.0,0.68,0.56,0.0
0.0,0.72,0.56,0.0
0.0,0.76,0.56,0.0
0.0,0.8,0.56,0.0
0.0,0.84,0.56,0.0
0.0,0.88,0.56,0.0
0.0,0.92,0.56,0.0
0.0,0.96,0.56,0.0
0.0,1.0,0.56,0.0
0.0,0.0,0.6,0.0
0.0,0.04,0.6,0.0
0.0,0.08,0.6,0.0
0.0,0.12,0.6,0.0
0.0,0.16,0.6,0.0
0.0,0.2,0.6,0.0
0.0,0.24,0.6,0.0
0.0,0.28,0.6,0.0
0.0,0.32,0.6,0.0
0.0,0.36,0.6,0.0
0.0,0.4,0.6,0.0
0.0,0.44,0.6,0.0
0.0,0.48,0.6,0.0
0.0,0.52,0.6,0.0
0.0,0.56,0.6,0.0
0.0,0.6,0.6,0.0
0.0,0.64,0.6,0.0
0.0,0.68,0.6,0.0
0.0,0.72,0.6,0.0
0.0,0.76,0.6,0.0
0.0,0.8,0.6,0.0
0.0,0.84,0.6,0.0
0.0,0.88,0.6,0.0
0.0,0.92,0.6,0.0
0.0,0.96,0.6,0.0
0.0,1.0,0.6,0.0
0.0,0.0,0.64,0.0
0.0,0.04,0.64,0.0
0.0,0.08,0.64,0.0
0.0,0.12,0.64,0.0
0.0,0.16,0.64,0.0
0.0,0.2,0.64,0.0
0.0,0.24,0.64,0.0
0.0,0.28,0.64,0.0
0.0,0.32,0.64,0.0
0.0,0.36,0.64,0.0
0.0,0.4,0.64,0.0
0.0,0.44,0.64,0.0
0.0,0.48,0.64,0.0
0.0,0.52,0.64,0.0
0.0,0.56,0.64,0.0
0.0,0.6,0.64,0.0
0.0,0.64,0.64,0.0
0.0,0.68,0.64,0.0
0.0,0.72,0.64,0.0
0.0,0.76,0.64,0.0
0.0,0.8,0.64,0.0
0.0,0.84,0.64,0.0
0.0,0.88,0.64,0.0
0.0,0.92,0.64,0.0
0.0,0.96,0.64,0.0
0.0,1.0,0.64,0.0
0.0,0.0,0.68,0.0
0.0,0.04,0.68,0.0
0.0,0.08,0.68,0.0
0.0,0.12,0.68,0.0
0.0,0.16,0.68,0.0
0.0,0.2,0.68,0.0
0.0,0.24,0.68,0.0
0.0,0.28,0.68,0.0
0.0,0.32,0.68,0.0
0.0,0.36,0.68,0.0
0.0,0.4,0.68,0.0
0.0,0.44,0.68,0.0
0.0,0.48,0.68,0.0
0.0,0.52,0.68,0.0
0.0,0.56,0.68,0.0
0.0,0.6,0.68,0.0
0.0,0.64,0.68,0.0
0.0,0.68,0.68,0.0
0.0,0.72,0.68,0.0
0.0,0.76,0.68,0.0
0.0,0.8,0.68,0.0
0.0,0.84,0.68,0.0
0.0,0.88,0.68,0.0
0.0,0.92,0.68,0.0
0.0,0.96,0.68,0.0
0.0,1.0,0.68,0.0
0.0,0.0,0.72,0.0
0.0,0.04,0.72,0.0
0.0,0.08,0.72,0.0
0.0,0.12,0.72,0.0
0.0,0.16,0.72,0.0
0.0,0.2,0.72,0.0
0.0,0.24,0.72,0.0
0.0,0.28,0.72,0.0
0.0,0.32,0.72,0.0
0.0,0.36,0.72,0.0
0.0,0.4,0.72,0.0
0.0,0.44,0.72,0.0
0.0,0.48,0.72,0.0
0.0,0.52,0.72,0.0
0.0,0.56,0.72,0.0
0.0,0.6,0.72,0.0
0.0,0.64,0.72,0.0
0.0,0.68,0.72,0.0
0.0,0.72,0.72,0.0
0.0,0.76,0.72,0.0
0.0,0.8,0.72,0.0
0.0,0.84,0.72,0.0
0.0,0.88,0.72,0.0
0.0,0.92,0.72,0.0
0.0,0.96,0.72,0.0
0.0,1.0,0.72,0.0
0.0,0.0,0.76,0.0
0.0,0.04,0.76,0.0
0.0,0.08,0.76,0.0
0.0,0.12,0.76,0.0
0.0,0.16,0.76,0.0
0.0,0.2,0.76,0.0
0.0,0.24,0.76,0.0
0.0,0.28,0.76,0.0
0.0,0.32,0.76,0.0
0.0,0.36,0.76,0.0
0.0,0.4,0.76,0.0
0.0,0.44,0.76,0.0
0.0,0.48,0.76,0.0
0.0,0.52,0.76,0.0
0.0,0.56,0.76,0.0
0.0,0.6,0.76,0.0
0.0,0.64,0.76,0.0
0.0,0.68,0.76,0.0
0.0,0.72,0.76,0.0
0.0,0.76,0.76,0.0
0.0,0.8,0.76,0.0
0.0,0.84,0.76,0.0
0.0,0.88,0.76,0.0
0.0,0.92,0.76,0.0
0.0,0.96,0.76,0.0
0.0,1.0,0.76,0.0
0.0,0.0,0.8,0.0
0.0,0.04,0.8,0.0
0.0,0.08,0.8,0.0
0.0,0.12,0.8,0.0
0.0,0.16,0.8,0.0
0.0,0.2,0.8,0.0
0.0,0.24,0.8,0.0
0.0,0.28,0.8,0.0
0.0,0.32,0.8,0.0
0.0,0.36,0.8,0.0
0.0,0.4,0.8,0.0
0.0,0.44,0.8,0.0
0.0,0.48,0.8,0.0
0.0,0.52,0.8,0.0
0.0,0.56,0.8,0.0
0.0,0.6,0.8,0.0
0.0,0.64,0.8,0.0
0.0,0.68,0.8,0.0
0.0,0.72,0.8,0.0
0.0,0.76,0.8,0.0
0.0,0.8,0.8,0.0
0.0,0.84,0.8,0.0
0.0,0.88,0.8,0.0
0.0,0.92,0.8,0.0
0.0,0.96,0.8,0.0
0.0,1.0,0.8,0.0
0.0,0.0,0.84,0.0
0.0,0.04,0.84,0.0
0.0,0.08,0.84,0.0
0.0,0.12,0.84,0.0
0.0,0.16,0.84,0.0
0.0,0.2,0.84,0.0
0.0,0.24,0.84,0.0
0.0,0.28,0.84,0.0
0.0,0.32,0.84,0.0
0.0,0.36,0.84,0.0
0.0,0.4,0.84,0.0
0.0,0.44,0.84,0.0
0.0,0.48,0.84,0.0
0.0,0.52,0.84,0.0
0.0,0.56,0.84,0.0
0.0,0.6,0.84,0.0
0.0,0.64,0.84,0.0
0.0,0.68,0.84,0.0
0.0,0.72,0.84,0.0
0.0,0.76,0.84,0.0
0.0,0.8,0.84,0.0
0.0,0.84,0.84,0.0
0.0,0.88,0.84,0.0
0.0,0.92,0.84,0.0
0.0,0.96,0.84,0.0
0.0,1.0,0.84,0.0
0.0,0.0,0.88,0.0
0.0,0.04,0.88,0.0
0.0,0.08,0.88,0.0
0.0,0.12,0.88,0.0
0.0,0.16,0.88,0.0
0.0,0.2,0.88,0.0
0.0,0.24,0.88,0.0
0.0,0.28,0.88,0.0
0.0,0.32,0.88,0.0
0.0,0.36,0.88,0.0
0.0,0.4,0.88,0.0
0.0,0.44,0.88,0.0
0.0,0.48,0.88,0.0
0.0,0.52,0.88,0.0
0.0,0.56,0.88,0.0
0.0,0.6,0.88,0.0
0.0,0.64,0.88,0.0
0.0,0.68,0.88,0.0
0.0,0.72,0.88,0.0
0.0,0.76,0.88,0.0
0.0,0.8,0.88,0.0
0.0,0.84,0.88,0.0
0.0,0.88,0.88,0.0
0.0,0.92,0.88,0.0
0.0,0.96,0.88,0.0
0.0,1.0,0.88,0.0
0.0,0.0,0.92,0.0
0.0,0.04,0.92,0.0
0.0,0.08,0.92,0.0
0.0,0.12,0.92,0.0
0.0,0.16,0.92,0.0
0.0,0.2,0.92,0.0
0.0,0.24,0.92,0.0
0.0,0.28,0.92,0.0
0.0,0.32,0.92,0.0
0.0,0.36,0.92,0.0
0.0,0.4,0.92,0.0
0.0,0.44,0.92,0.0
0.0,0.48,0.92,0.0
0.0,0.52,0.92,0.0
0.0,0.56,0.92,0.0
0.0,0.6,0.92,0.0
0.0,0.64,0.92,0.0
0.0,0.68,0.92,0.0
0.0,0.72,0.92,0.0
0.0,0.76,0.92,0.0
0.0,0.8,0.92,0.0
0.0,0.84,0.92,0.0
0.0,0.88,0.92,0.0
0.0,0.92,0.92,0.0
0.0,0.96,0.92,0.0
0.0,1.0,0.92,0.0
0.0,0.0,0.96,0.0
0.0,0.04,0.96,0.0
0.0,0.08,0.96,0.0
0.0,0.12,0.96,0.0
0.0,0.16,0.96,0.0
0.0,0.2,0.96,0.0
0.0,0.24,0.96,0.0
0.0,0.28,0.96,0.0
0.0,0.32,0.96,0.0
0.0,0.36,0.96,0.0
0.0,0.4,0.96,0.0
0.0,0.44,0.96,0.0
0.0,0.48,0.96,0.0
0.0,0.52,0.96,0.0
0.0,0.56,0.96,0.0
0.0,0.6,0.96,0.0
0.0,0.64,0.96,0.0
0.0,0.68,0.96,0.0
0.0,0.72,0.96,0.0
0.0,0.76,0.96,0.0
0.0,0.8,0.96,0.0
0.0,0.84,0.96,0.0
0.0,0.88,0.96,0.0
0.0,0.92,0.96,0.0
0.0,0.96,0.96,0.0
0.0,1.0,0.96,0.0
0.0,0.0,1.0,0.0
0.0,0.04,1.0,0.0
0.0,0.08,1.0,0.0
0.0,0.12,1.0,0.0
0.0,0.16,1.0,0.0
0.0,0.2,1.0,0.0
0.0,0.24,1.0,0.0
0.0,0.28,1.0,0.0
0.0,0.32,1.0,0.0
0.0,0.36,1.0,0.0
0.0,0.4,1.0,0.0
0.0,0.44,1.0,0.0
0.0,0.48,1.0,0.0
0.0,0.52,1.0,0.0
0.0,0.56,1.0,0.0
0.0,0.6,1.0,0.0
0.0,0.64,1.0,0.0
0.0,0.68,1.0,0.0
0.0,0.72,1.0,0.0
0.0,0.76,1.0,0.0
0.0,0.8,1.0,0.0
0.0,0.84,1.0,0.0
0.0,0.88,1.0,0.0
0.0,0.92,1.0,0.0
0.0,0.96,1.0,0.0
0.0,1.0,1.0,0.0
0.25,0.0,0.0,0.0
0.25,0.04,0.0,0.0007783465614764185
0.25,0.08,0.0,0.0015734775161226292
0.25,0.12,0.0,0.002402390129314554
0.25,0.16,0.0,0.0032825081947007433
0.25,0.2,0.0,0.004231897259159945
0.25,0.24,0.0,0.00526948220374574
0.25,0.28,0.0,0.006415267970575875
0.25,0.32,0.0,0.007690564230127256
0.25,0.36,0.0,0.009118214791571278
0.25,0.4,0.0,0.010722832571721066
0.25,0.44,0.0,0.012531040951992664
0.25,0.48,0.0,0.01457172236078758
0.25,0.52,0.0,0.016876274929856234
0.25,0.56,0.0,0.019478878124379234
0.25,0.6,0.0,0.022416768329796975
0.25,0.64,0.0,0.025730525329660605
0.25,0.68,0.0,0.029464370441847368
0.25,0.72,0.0,0.03366647765692356
0.25,0.76,0.0,0.038389299766194575
0.25,0.8,0.0,0.043689907604906396
0.25,0.84,0.0,0.04963034648559135
0.25,0.88,0.0,0.05627802042498829
0.25,0.92,0.0,0.06370605291616342
0.25,0.96,0.0,0.07199378828604923
0.25,1.0,0.0,0.08122708852617706
0.25,0.0,0.04,0.0
0.25,0.04,0.04,0.0007783465614764238
0.25,0.08,0.04,0.001573477516122635
0.25,0.12,0.04,0.0024023901293145685
0.25,0.16,0.04,0.003282508194700758
0.25,0.2,0.04,0.004231897259159965
0.25,0.24,0.04,0.005269482203745732
0.25,0.28,0.04,0.006415267970575833
0.25,0.32,0.04,0.007690564230127174
0.25,0.36,0.04,0.00911821479157112
0.25,0.4,0.04,0.010722832571721179
0.25,0.44,0.04,0.01253104095199272
0.25,0.48,0.04,0.014571722360787867
0.25,0.52,0.04,0.01687627492985615
0.25,0.56,0.04,0.01947887812437929
0.25,0.6,0.04,0.022416768329796635
0.25,0.64,0.04,0.025730525329660487
0.25,0.68,0.04,0.029464370441847878
0.25,0.72,0.04,0.03366647765692327
0.25,0.76,0.04,0.038389299766194054
0.25,0.8,0.04,0.043689907604905945
0.25,0.84,0.04,0.04963034648559023
0.25,0.88,0.04,0.056278020424987744
0.25,0.92,0.04,0.06370605291616353
0.25,0.96,0.04,0.07199378828604966
0.25,1.0,0.04,0.08122708852617706
0.25,0.0,0.08,0.0
0.25,0.04,0.08,0.0007783465614764363
0.25,0.08,0.08,0.0015734775161226672
0.25,0.12,0.08,0.0024023901293145577
0.25,0.16,0.08,0.003282508194700693
0.25,0.2,0.08,0.004231897259159987
0.25,0.24,0.08,0.00526948220374576
0.25,0.28,0.08,0.00641526797057599
0.25,0.32,0.08,0.007690564230127143
0.25,0.36,0.08,0.009118214791571136
0.25,0.4,0.08,0.010722832571721092
0.25,0.44,0.08,0.01253104095199286
0.25,0.48,0.08,0.014571722360787555
0.25,0.52,0.08,0.01687627492985626
0.25,0.56,0.08,0.019478878124379744
0.25,0.6,0.08,0.02241676832979669
0.25,0.64,0.08,0.02573052532966055
0.25,0.68,0.08,0.029464370441847257
0.25,0.72,0.08,0.03366647765692418
0.25,0.76,0.08,0.03838929976619474
0.25,0.8,0.08,0.043689907604905945
0.25,0.84,0.08,0.04963034648559056
0.25,0.88,0.08,0.0562780204249875
0.25,0.92,0.08,0.06370605291616274
0.25,0.96,0.08,0.07199378828604923
0.25,1.0,0.08,0.0812270885261766
0.25,0.0,0.12,0.0
0.25,0.04,0.12,0.0007783465614763998
0.25,0.08,0.12,0.0015734775161226281
0.25,0.12,0.12,0.002402390129314544
0.25,0.16,0.12,0.0032825081947008006
0.25,0.2,0.12,0.0042318972591599245
0.25,0.24,0.12,0.00526948220374583
0.25,0.28,0.12,0.006415267970575877
0.25,0.32,0.12,0.0076905642301271174
0.25,0.36,0.12,0.009118214791571206
0.25,0.4,0.12,0.010722832571721136
0.25,0.44,0.12,0.012531040951993063
0.25,0.48,0.12,0.014571722360787699
0.25,0.52,0.12,0.01687627492985609
0.25,0.56,0.12,0.019478878124378977
0.25,0.6,0.12,0.022416768329796916
0.25,0.64,0.12,0.025730525329659863
0.25,0.68,0.12,0.02946437044184702
0.25,0.72,0.12,0.033666477656924015
0.25,0.76,0.12,0.0383892997661939
0.25,0.8,0.12,0.043689907604905605
0.25,0.84,0.12,0.0496303464855909
0.25,0.88,0.12,0.05627802042498795
0.25,0.92,0.12,0.0637060529161633
0.25,0.96,0.12,0.07199378828604844
0.25,1.0,0.12,0.08122708852617751
0.25,0.0,0.16,0.0
0.25,0.04,0.16,0.0007783465614764151
0.25,0.08,0.16,0.001573477516122658
0.25,0.12,0.16,0.002402390129314494
0.25,0.16,0.16,0.0032825081947006514
0.25,0.2,0.16,0.004231897259160079
0.25,0.24,0.16,0.005269482203745689
0.25,0.28,0.16,0.0064152679705758485
0.25,0.32,0.16,0.00769056423012734
0.25,0.36,0.16,0.009118214791571135
0.25,0.4,0.16,0.01072283257172115
0.25,0.44,0.16,0.012531040951992865
0.25,0.48,0.16,0.014571722360787636
0.25,0.52,0.16,0.01687627492985632
0.25,0.56,0.16,0.01947887812437935
0.25,0.6,0.16,0.022416768329796413
0.25,0.64,0.16,0.02573052532966043
0.25,0.68,0.16,0.029464370441847017
0.25,0.72,0.16,0.03366647765692293
0.25,0.76,0.16,0.03838929976619491
0.25,0.8,0.16,0.04368990760490651
0.25,0.84,0.16,0.04963034648558977
0.25,0.88,0.16,0.0562780204249875
0.25,0.92,0.16,0.06370605291616398
0.25,0.96,0.16,0.07199378828604991
0.25,1.0,0.16,0.08122708852617706
0.25,0.0,0.2,0.0
0.25,0.04,0.2,0.0007783465614764095
0.25,0.08,0.2,0.0015734775161226615
0.25,0.12,0.2,0.0024023901293145794
0.25,0.16,0.2,0.003282508194700736
0.25,0.2,0.2,0.004231897259159966
0.25,0.24,0.2,0.005269482203745803
0.25,0.28,0.2,0.006415267970575905
0.25,0.32,0.2,0.007690564230127456
0.25,0.36,0.2,0.009118214791571249
0.25,0.4,0.2,0.010722832571720924
0.25,0.44,0.2,0.012531040951992948
0.25,0.48,0.2,0.01457172236078733
0.25,0.52,0.2,0.01687627492985606
0.25,0.56,0.2,0.019478878124379602
0.25,0.6,0.2,0.022416768329797093
0.25,0.64,0.2,0.025730525329660543
0.25,0.68,0.2,0.029464370441847482
0.25,0.72,0.2,0.03366647765692328
0.25,0.76,0.2,0.03838929976619485
0.25,0.8,0.2,0.04368990760490651
0.25,0.84,0.2,0.04963034648559112
0.25,0.88,0.2,0.056278020424988515
0.25,0.92,0.2,0.06370605291616434
0.25,0.96,0.2,0.07199378828604798
0.25,1.0,0.2,0.0812270885261766
0.25,0.0,0.24,0.0
0.25,0.04,0.24,0.000778346561476431
0.25,0.08,0.24,0.001573477516122662
0.25,0.12,0.24,0.0024023901293144943
0.25,0.16,0.24,0.003282508194700702
0.25,0.2,0.24,0.004231897259160016
0.25,0.24,0.24,0.005269482203745711
0.25,0.28,0.24,0.006415267970575677
0.25,0.32,0.24,0.007690564230127314
0.25,0.36,0.24,0.009118214791571148
0.25,0.4,0.24,0.010722832571721193
0.25,0.44,0.24,0.012531040951992752
0.25,0.48,0.24,0.014571722360787527
0.25,0.52,0.24,0.016876274929856345
0.25,0.56,0.24,0.019478878124379404
0.25,0.6,0.24,0.022416768329797148
0.25,0.64,0.24,0.025730525329660317
0.25,0.68,0.24,0.02946437044184742
0.25,0.72,0.24,0.03366647765692373
0.25,0.76,0.24,0.03838929976619576
0.25,0.8,0.24,0.04368990760490651
0.25,0.84,0.24,0.0496303464855909
0.25,0.88,0.24,0.05627802042498661
0.25,0.92,0.24,0.06370605291616535
0.25,0.96,0.24,0.07199378828604877
0.25,1.0,0.24,0.08122708852617797
0.25,0.0,0.28,0.0
0.25,0.04,0.28,0.0007783465614764247
0.25,0.08,0.28,0.0015734775161226533
0.25,0.12,0.28,0.0024023901293145477
0.25,0.16,0.28,0.003282508194700743
0.25,0.2,0.28,0.004231897259159909
0.25,0.24,0.28,0.005269482203745604
0.25,0.28,0.28,0.0064152679705759205
0.25,0.32,0.28,0.007690564230127258
0.25,0.36,0.28,0.009118214791571391
0.25,0.4,0.28,0.010722832571721035
0.25,0.44,0.28,0.01253104095199306
0.25,0.48,0.28,0.01457172236078764
0.25,0.52,0.28,0.016876274929856605
0.25,0.56,0.28,0.01947887812437958
0.25,0.6,0.28,0.022416768329797148
0.25,0.64,0.28,0.02573052532966072
0.25,0.68,0.28,0.02946437044184691
0.25,0.72,0.28,0.03366647765692378
0.25,0.76,0.28,0.038389299766195366
0.25,0.8,0.28,0.043689907604906056
0.25,0.84,0.28,0.04963034648559
0.25,0.88,0.28,0.05627802042498853
0.25,0.92,0.28,0.06370605291616388
0.25,0.96,0.28,0.07199378828604934
0.25,1.0,0.28,0.08122708852617841
0.25,0.0,0.32,0.0
0.25,0.04,0.32,0.0007783465614764171
0.25,0.08,0.32,0.0015734775161226659
0.25,0.12,0.32,0.002402390129314565
0.25,0.16,0.32,0.003282508194700765
0.25,0.2,0.32,0.004231897259160003
0.25,0.24,0.32,0.0052694822037456625
0.25,0.28,0.32,0.006415267970575877
0.25,0.32,0.32,0.007690564230127145
0.25,0.36,0.32,0.009118214791571221
0.25,0.4,0.32,0.010722832571720867
0.25,0.44,0.32,0.012531040951992952
0.25,0.48,0.32,0.014571722360787728
0.25,0.52,0.32,0.016876274929856182
0.25,0.56,0.32,0.019478878124379127
0.25,0.6,0.32,0.022416768329796694
0.25,0.64,0.32,0.025730525329660314
0.25,0.68,0.32,0.029464370441847194
0.25,0.72,0.32,0.03366647765692299
0.25,0.76,0.32,0.03838929976619485
0.25,0.8,0.32,0.043689907604906174
0.25,0.84,0.32,0.04963034648559136
0.25,0.88,0.32,0.056278020424987835
0.25,0.92,0.32,0.06370605291616377
0.25,0.96,0.32,0.07199378828604877
0.25,1.0,0.32,0.0812270885261766
0.25,0.0,0.36,0.0
0.25,0.04,0.36,0.0007783465614764185
0.25,0.08,0.36,0.0015734775161226244
0.25,0.12,0.36,0.002402390129314576
0.25,0.16,0.36,0.003282508194700772
0.25,0.2,0.36,0.004231897259160115
0.25,0.24,0.36,0.005269482203745811
0.25,0.28,0.36,0.006415267970575918
0.25,0.32,0.36,0.007690564230127329
0.25,0.36,0.36,0.009118214791571223
0.25,0.4,0.36,0.010722832571720823
0.25,0.44,0.36,0.012531040951992922
0.25,0.48,0.36,0.014571722360787668
0.25,0.52,0.36,0.016876274929856296
0.25,0.56,0.36,0.019478878124379435
0.25,0.6,0.36,0.022416768329797148
0.25,0.64,0.36,0.025730525329660716
0.25,0.68,0.36,0.029464370441847194
0.25,0.72,0.36,0.03366647765692316
0.25,0.76,0.36,0.03838929976619496
0.25,0.8,0.36,0.043689907604906174
0.25,0.84,0.36,0.049630346485590775
0.25,0.88,0.36,0.056278020424987044
0.25,0.92,0.36,0.0637060529161641
0.25,0.96,0.36,0.07199378828604694
0.25,1.0,0.36,0.08122708852617616
0.25,0.0,0.4,0.0
0.25,0.04,0.4,0.0007783465614764577
0.25,0.08,0.4,0.001573477516122648
0.25,0.12,0.4,0.0024023901293145754
0.25,0.16,0.4,0.003282508194700695
0.25,0.2,0.4,0.004231897259159811
0.25,0.24,0.4,0.005269482203745725
0.25,0.28,0.4,0.006415267970575877
0.25,0.32,0.4,0.007690564230127328
0.25,0.36,0.4,0.009118214791571023
0.25,0.4,0.4,0.010722832571721066
0.25,0.44,0.4,0.012531040951992782
0.25,0.48,0.4,0.014571722360787584
0.25,0.52,0.4,0.016876274929856123
0.25,0.56,0.4,0.019478878124379324
0.25,0.6,0.4,0.02241676832979726
0.25,0.64,0.4,0.02573052532966044
0.25,0.68,0.4,0.029464370441847194
0.25,0.72,0.4,0.03366647765692305
0.25,0.76,0.4,0.03838929976619497
0.25,0.8,0.4,0.043689907604906625
0.25,0.84,0.4,0.04963034648559044
0.25,0.88,0.4,0.056278020424986946
0.25,0.92,0.4,0.06370605291616353
0.25,0.96,0.4,0.07199378828604887
0.25,1.0,0.4,0.08122708852617705
0.25,0.0,0.44,0.0
0.25,0.04,0.44,0.0007783465614763983
0.25,0.08,0.44,0.001573477516122632
0.25,0.12,0.44,0.0024023901293145225
0.25,0.16,0.44,0.003282508194700716
0.25,0.2,0.44,0.004231897259160002
0.25,0.24,0.44,0.005269482203745761
0.25,0.28,0.44,0.0064152679705758355
0.25,0.32,0.44,0.007690564230127271
0.25,0.36,0.44,0.009118214791571181
0.25,0.4,0.44,0.01072283257172087
0.25,0.44,0.44,0.012531040951993007
0.25,0.48,0.44,0.014571722360787468
0.25,0.52,0.44,0.01687627492985629
0.25,0.56,0.44,0.01947887812437915
0.25,0.6,0.44,0.022416768329797377
0.25,0.64,0.44,0.025730525329660324
0.25,0.68,0.44,0.0294643704418477
0.25,0.72,0.44,0.03366647765692367
0.25,0.76,0.44,0.0383892997661953
0.25,0.8,0.44,0.043689907604905265
0.25,0.84,0.44,0.049630346485591115
0.25,0.88,0.44,0.05627802042498887
0.25,0.92,0.44,0.06370605291616409
0.25,0.96,0.44,0.07199378828604887
0.25,1.0,0.44,0.0812270885261775
0.25,0.0,0.48,0.0
0.25,0.04,0.48,0.0007783465614764178
0.25,0.08,0.48,0.0015734775161226784
0.25,0.12,0.48,0.0024023901293145694
0.25,0.16,0.48,0.0032825081947007524
0.25,0.2,0.48,0.004231897259159897
0.25,0.24,0.48,0.005269482203745705
0.25,0.28,0.48,0.006415267970575849
0.25,0.32,0.48,0.007690564230127229
0.25,0.36,0.48,0.00911821479157125
0.25,0.4,0.48,0.01072283257172108
0.25,0.44,0.48,0.01253104095199261
0.25,0.48,0.48,0.014571722360787668
0.25,0.52,0.48,0.01687627492985621
0.25,0.56,0.48,0.019478878124379442
0.25,0.6,0.48,0.02241676832979681
0.25,0.64,0.48,0.025730525329660435
0.25,0.68,0.48,0.02946437044184805
0.25,0.72,0.48,0.03366647765692356
0.25,0.76,0.48,0.03838929976619599
0.25,0.8,0.48,0.0436899076049073
0.25,0.84,0.48,0.049630346485590796
0.25,0.88,0.48,0.05627802042498682
0.25,0.92,0.48,0.06370605291616412
0.25,0.96,0.48,0.07199378828605034
0.25,1.0,0.48,0.08122708852617817
0.25,0.0,0.52,0.0
0.25,0.04,0.52,0.0007783465614764248
0.25,0.08,0.52,0.0015734775161226765
0.25,0.12,0.52,0.0024023901293145585
0.25,0.16,0.52,0.003282508194700717
0.25,0.2,0.52,0.004231897259159946
0.25,0.24,0.52,0.005269482203745734
0.25,0.28,0.52,0.006415267970575894
0.25,0.32,0.52,0.007690564230127172
0.25,0.36,0.52,0.009118214791571237
0.25,0.4,0.52,0.010722832571720702
0.25,0.44,0.52,0.012531040951992952
0.25,0.48,0.52,0.014571722360787643
0.25,0.52,0.52,0.016876274929856525
0.25,0.56,0.52,0.019478878124379585
0.25,0.6,0.52,0.022416768329796926
0.25,0.64,0.52,0.025730525329660955
0.25,0.68,0.52,0.029464370441847142
0.25,0.72,0.52,0.03366647765692384
0.25,0.76,0.52,0.0383892997661953
0.25,0.8,0.52,0.043689907604906056
0.25,0.84,0.52,0.04963034648558989
0.25,0.88,0.52,0.05627802042498705
0.25,0.92,0.52,0.06370605291616306
0.25,0.96,0.52,0.07199378828605058
0.25,1.0,0.52,0.08122708852617727
0.25,0.0,0.56,0.0
0.25,0.04,0.56,0.0007783465614764163
0.25,0.08,0.56,0.0015734775161226713
0.25,0.12,0.56,0.002402390129314509
0.25,0.16,0.56,0.0032825081947007954
0.25,0.2,0.56,0.0042318972591599184
0.25,0.24,0.56,0.005269482203745833
0.25,0.28,0.56,0.006415267970575963
0.25,0.32,0.56,0.00769056423012726
0.25,0.36,0.56,0.009118214791571095
0.25,0.4,0.56,0.010722832571720756
0.25,0.44,0.56,0.012531040951992556
0.25,0.48,0.56,0.01457172236078753
0.25,0.52,0.56,0.016876274929856102
0.25,0.56,0.56,0.019478878124379206
0.25,0.6,0.56,0.022416768329796923
0.25,0.64,0.56,0.025730525329660612
0.25,0.68,0.56,0.02946437044184777
0.25,0.72,0.56,0.0336664776569234
0.25,0.76,0.56,0.038389299766194734
0.25,0.8,0.56,0.04368990760490594
0.25,0.84,0.56,0.04963034648558988
0.25,0.88,0.56,0.05627802042498795
0.25,0.92,0.56,0.06370605291616238
0.25,0.96,0.56,0.0719937882860491
0.25,1.0,0.56,0.0812270885261775
0.25,0.0,0.6,0.0
0.25,0.04,0.6,0.0007783465614764134
0.25,0.08,0.6,0.001573477516122664
0.25,0.12,0.6,0.0024023901293145945
0.25,0.16,0.6,0.003282508194700702
0.25,0.2,0.6,0.004231897259160052
0.25,0.24,0.6,0.005269482203745854
0.25,0.28,0.6,0.006415267970575891
0.25,0.32,0.6,0.007690564230127189
0.25,0.36,0.6,0.009118214791571395
0.25,0.4,0.6,0.010722832571721082
0.25,0.44,0.6,0.012531040951992697
0.25,0.48,0.6,0.014571722360787789
0.25,0.52,0.6,0.01687627492985604
0.25,0.56,0.6,0.019478878124379408
0.25,0.6,0.6,0.02241676832979738
0.25,0.64,0.6,0.025730525329660723
0.25,0.68,0.6,0.029464370441847423
0.25,0.72,0.6,0.033666477656924064
0.25,0.76,0.6,0.03838929976619553
0.25,0.8,0.6,0.043689907604907076
0.25,0.84,0.6,0.04963034648559057
0.25,0.88,0.6,0.05627802042498818
0.25,0.92,0.6,0.06370605291616317
0.25,0.96,0.6,0.07199378828604898
0.25,1.0,0.6,0.0812270885261775
0.25,0.0,0.64,0.0
0.25,0.04,0.64,0.0007783465614763977
0.25,0.08,0.64,0.001573477516122641
0.25,0.12,0.64,0.0024023901293145442
0.25,0.16,0.64,0.0032825081947007806
0.25,0.2,0.64,0.004231897259159946
0.25,0.24,0.64,0.00526948220374577
0.25,0.28,0.64,0.00641526797057588
0.25,0.32,0.64,0.007690564230127344
0.25,0.36,0.64,0.009118214791571098
0.25,0.4,0.64,0.01072283257172087
0.25,0.44,0.64,0.012531040951992868
0.25,0.48,0.64,0.014571722360787645
0.25,0.52,0.64,0.016876274929856157
0.25,0.56,0.64,0.019478878124379356
0.25,0.6,0.64,0.0224167683297971
0.25,0.64,0.64,0.025730525329660102
0.25,0.68,0.64,0.029464370441847028
0.25,0.72,0.64,0.03366647765692327
0.25,0.76,0.64,0.03838929976619543
0.25,0.8,0.64,0.04368990760490572
0.25,0.84,0.64,0.04963034648559055
0.25,0.88,0.64,0.056278020424987626
0.25,0.92,0.64,0.06370605291616364
0.25,0.96,0.64,0.07199378828604955
0.25,1.0,0.64,0.08122708852617615
0.25,0.0,0.68,0.0
0.25,0.04,0.68,0.0007783465614764434
0.25,0.08,0.68,0.0015734775161226325
0.25,0.12,0.68,0.002402390129314537
0.25,0.16,0.68,0.00328250819470073
0.25,0.2,0.68,0.004231897259159982
0.25,0.24,0.68,0.005269482203745756
0.25,0.28,0.68,0.006415267970575822
0.25,0.32,0.68,0.007690564230127132
0.25,0.36,0.68,0.009118214791571197
0.25,0.4,0.68,0.010722832571720997
0.25,0.44,0.68,0.0125310409519929
0.25,0.48,0.68,0.01457172236078781
0.25,0.52,0.68,0.016876274929855786
0.25,0.56,0.68,0.019478878124379297
0.25,0.6,0.68,0.02241676832979715
0.25,0.64,0.68,0.02573052532966078
0.25,0.68,0.68,0.02946437044184754
0.25,0.72,0.68,0.0336664776569235
0.25,0.76,0.68,0.03838929976619446
0.25,0.8,0.68,0.0436899076049073
0.25,0.84,0.68,0.049630346485591004
0.25,0.88,0.68,0.056278020424987044
0.25,0.92,0.68,0.06370605291616398
0.25,0.96,0.68,0.07199378828604922
0.25,1.0,0.68,0.08122708852617615
0.25,0.0,0.72,0.0
0.25,0.04,0.72,0.0007783465614764346
0.25,0.08,0.72,0.001573477516122689
0.25,0.12,0.72,0.002402390129314587
0.25,0.16,0.72,0.0032825081947007164
0.25,0.2,0.72,0.004231897259159968
0.25,0.24,0.72,0.005269482203745761
0.25,0.28,0.72,0.006415267970576035
0.25,0.32,0.72,0.007690564230127259
0.25,0.36,0.72,0.009118214791571152
0.25,0.4,0.72,0.010722832571720941
0.25,0.44,0.72,0.012531040951992926
0.25,0.48,0.72,0.014571722360787645
0.25,0.52,0.72,0.016876274929856324
0.25,0.56,0.72,0.019478878124378957
0.25,0.6,0.72,0.02241676832979704
0.25,0.64,0.72,0.025730525329660324
0.25,0.68,0.72,0.029464370441847083
0.25,0.72,0.72,0.033666477656923446
0.25,0.76,0.72,0.038389299766194464
0.25,0.8,0.72,0.04368990760490662
0.25,0.84,0.72,0.04963034648558999
0.25,0.88,0.72,0.05627802042498806
0.25,0.92,0.72,0.0637060529161633
0.25,0.96,0.72,0.07199378828604842
0.25,1.0,0.72,0.08122708852617683
0.25,0.0,0.76,0.0
0.25,0.04,0.76,0.0007783465614764187
0.25,0.08,0.76,0.0015734775161226552
0.25,0.12,0.76,0.0024023901293145303
0.25,0.16,0.76,0.003282508194700688
0.25,0.2,0.76,0.004231897259159989
0.25,0.24,0.76,0.0052694822037457414
0.25,0.28,0.76,0.006415267970576006
0.25,0.32,0.76,0.007690564230127274
0.25,0.36,0.76,0.009118214791571252
0.25,0.4,0.76,0.010722832571721111
0.25,0.44,0.76,0.012531040951992898
0.25,0.48,0.76,0.014571722360787867
0.25,0.52,0.76,0.016876274929856213
0.25,0.56,0.76,0.019478878124379696
0.25,0.6,0.76,0.022416768329797266
0.25,0.64,0.76,0.025730525329660324
0.25,0.68,0.76,0.029464370441847253
0.25,0.72,0.76,0.03366647765692367
0.25,0.76,0.76,0.03838929976619457
0.25,0.8,0.76,0.043689907604906736
0.25,0.84,0.76,0.049630346485591684
0.25,0.88,0.76,0.05627802042498853
0.25,0.92,0.76,0.0637060529161642
0.25,0.96,0.76,0.07199378828604831
0.25,1.0,0.76,0.08122708852617773
0.25,0.0,0.8,0.0
0.25,0.04,0.8,0.0007783465614764188
0.25,0.08,0.8,0.0015734775161226127
0.25,0.12,0.8,0.0024023901293145937
0.25,0.16,0.8,0.003282508194700708
0.25,0.2,0.8,0.004231897259160068
0.25,0.24,0.8,0.005269482203745585
0.25,0.28,0.8,0.006415267970575765
0.25,0.32,0.8,0.007690564230127287
0.25,0.36,0.8,0.009118214791571164
0.25,0.4,0.8,0.010722832571720756
0.25,0.44,0.8,0.012531040951992785
0.25,0.48,0.8,0.014571722360787364
0.25,0.52,0.8,0.016876274929856102
0.25,0.56,0.8,0.019478878124379102
0.25,0.6,0.8,0.022416768329796926
0.25,0.64,0.8,0.025730525329660775
0.25,0.68,0.8,0.029464370441847715
0.25,0.72,0.8,0.033666477656922766
0.25,0.76,0.8,0.03838929976619446
0.25,0.8,0.8,0.04368990760490583
0.25,0.84,0.8,0.049630346485591004
0.25,0.88,0.8,0.056278020424988286
0.25,0.92,0.8,0.06370605291616398
0.25,0.96,0.8,0.07199378828604955
0.25,1.0,0.8,0.08122708852617659
0.25,0.0,0.84,0.0
0.25,0.04,0.84,0.0007783465614764161
0.25,0.08,0.84,0.001573477516122674
0.25,0.12,0.84,0.002402390129314544
0.25,0.16,0.84,0.0032825081947007225
0.25,0.2,0.84,0.0042318972591600165
0.25,0.24,0.84,0.005269482203745826
0.25,0.28,0.84,0.0064152679705759205
0.25,0.32,0.84,0.007690564230127188
0.25,0.36,0.84,0.00911821479157111
0.25,0.4,0.84,0.010722832571721167
0.25,0.44,0.84,0.01253104095199301
0.25,0.48,0.84,0.014571722360787414
0.25,0.52,0.84,0.01687627492985624
0.25,0.56,0.84,0.019478878124379356
0.25,0.6,0.84,0.0224167683297967
0.25,0.64,0.84,0.025730525329661226
0.25,0.68,0.84,0.029464370441847423
0.25,0.72,0.84,0.03366647765692436
0.25,0.76,0.84,0.03838929976619429
0.25,0.8,0.84,0.043689907604906285
0.25,0.84,0.84,0.04963034648559055
0.25,0.88,0.84,0.05627802042498829
0.25,0.92,0.84,0.06370605291616421
0.25,0.96,0.84,0.0719937882860491
0.25,1.0,0.84,0.08122708852617636
0.25,0.0,0.88,0.0
0.25,0.04,0.88,0.0007783465614764371
0.25,0.08,0.88,0.0015734775161226461
0.25,0.12,0.88,0.00240239012931448
0.25,0.16,0.88,0.003282508194700786
0.25,0.2,0.88,0.0042318972591600165
0.25,0.24,0.88,0.0052694822037458325
0.25,0.28,0.88,0.0064152679705758485
0.25,0.32,0.88,0.007690564230127302
0.25,0.36,0.88,0.00911821479157132
0.25,0.4,0.88,0.01072283257172128
0.25,0.44,0.88,0.012531040951992868
0.25,0.48,0.88,0.014571722360787673
0.25,0.52,0.88,0.016876274929856213
0.25,0.56,0.88,0.01947887812437938
0.25,0.6,0.88,0.022416768329796475
0.25,0.64,0.88,0.025730525329660324
0.25,0.68,0.88,0.029464370441847715
0.25,0.72,0.88,0.033666477656923446
0.25,0.76,0.88,0.038389299766194686
0.25,0.8,0.88,0.04368990760490719
0.25,0.84,0.88,0.049630346485590324
0.25,0.88,0.88,0.056278020424988306
0.25,0.92,0.88,0.06370605291616377
0.25,0.96,0.88,0.07199378828604887
0.25,1.0,0.88,0.08122708852617659
0.25,0.0,0.92,0.0
0.25,0.04,0.92,0.0007783465614764275
0.25,0.08,0.92,0.0015734775161226765
0.25,0.12,0.92,0.002402390129314554
0.25,0.16,0.92,0.00328250819470068
0.25,0.2,0.92,0.004231897259159903
0.25,0.24,0.92,0.005269482203745705
0.25,0.28,0.92,0.006415267970575948
0.25,0.32,0.92,0.007690564230127288
0.25,0.36,0.92,0.009118214791571419
0.25,0.4,0.92,0.01072283257172104
0.25,0.44,0.92,0.012531040951992868
0.25,0.48,0.92,0.014571722360787532
0.25,0.52,0.92,0.016876274929856074
0.25,0.56,0.92,0.019478878124379494
0.25,0.6,0.92,0.02241676832979738
0.25,0.64,0.92,0.02573052532966083
0.25,0.68,0.92,0.029464370441846913
0.25,0.72,0.92,0.03366647765692333
0.25,0.76,0.92,0.03838929976619452
0.25,0.8,0.92,0.043689907604906514
0.25,0.84,0.92,0.04963034648559055
0.25,0.88,0.92,0.05627802042498784
0.25,0.92,0.92,0.06370605291616557
0.25,0.96,0.92,0.07199378828604922
0.25,1.0,0.92,0.08122708852617726
0.25,0.0,0.96,0.0
0.25,0.04,0.96,0.0007783465614764232
0.25,0.08,0.96,0.0015734775161226405
0.25,0.12,0.96,0.002402390129314572
0.25,0.16,0.96,0.0032825081947006865
0.25,0.2,0.96,0.00423189725916003
0.25,0.24,0.96,0.005269482203745839
0.25,0.28,0.96,0.006415267970575836
0.25,0.32,0.96,0.007690564230127158
0.25,0.36,0.96,0.00911821479157142
0.25,0.4,0.96,0.01072283257172087
0.25,0.44,0.96,0.012531040951993012
0.25,0.48,0.96,0.014571722360787617
0.25,0.52,0.96,0.016876274929855984
0.25,0.56,0.96,0.019478878124379637
0.25,0.6,0.96,0.02241676832979704
0.25,0.64,0.96,0.02573052532965993
0.25,0.68,0.96,0.029464370441847534
0.25,0.72,0.96,0.03366647765692374
0.25,0.76,0.96,0.03838929976619486
0.25,0.8,0.96,0.043689907604906396
0.25,0.84,0.96,0.04963034648558999
0.25,0.88,0.96,0.05627802042498853
0.25,0.92,0.96,0.06370605291616387
0.25,0.96,0.96,0.07199378828604956
0.25,1.0,0.96,0.08122708852617706
0.25,0.0,1.0,0.0
0.25,0.04,1.0,0.0007783465614764345
0.25,0.08,1.0,0.0015734775161226442
0.25,0.12,1.0,0.0024023901293145395
0.25,0.16,1.0,0.003282508194700822
0.25,0.2,1.0,0.004231897259159945
0.25,0.24,1.0,0.005269482203745761
0.25,0.28,1.0,0.006415267970575864
0.25,0.32,1.0,0.007690564230127243
0.25,0.36,1.0,0.009118214791571193
0.25,0.4,1.0,0.010722832571720815
0.25,0.44,1.0,0.012531040951992868
0.25,0.48,1.0,0.014571722360787586
0.25,0.52,1.0,0.01687627492985624
0.25,0.56,1.0,0.01947887812437941
0.25,0.6,1.0,0.02241676832979659
0.25,0.64,1.0,0.0257305253296605
0.25,0.68,1.0,0.029464370441847083
0.25,0.72,1.0,0.033666477656923724
0.25,0.76,1.0,0.03838929976619514
0.25,0.8,1.0,0.043689907604906625
0.25,0.84,1.0,0.049630346485589984
0.25,0.88,1.0,0.056278020424987626
0.25,0.92,1.0,0.0637060529161641
0.25,0.96,1.0,0.0719937882860483
0.25,1.0,1.0,0.08122708852617659
0.5,0.0,0.0,0.0
0.5,0.04,0.0,0.003835697181302643
0.5,0.08,0.0,0.007708611287658491
0.5,0.12,0.0,0.011656194246560676
0.5,0.16,0.0,0.015716368913443912
0.5,0.2,0.0,0.019927766847413465
0.5,0.24,0.0,0.024329968872556985
0.5,0.28,0.0,0.028963749372482788
0.5,0.32,0.0,0.03387132528220751
0.5,0.36,0.0,0.03909661076236402
0.5,0.4,0.0,0.044685478565971715
0.5,0.44,0.0,0.05068602913741698
0.5,0.48,0.0,0.05714886851652587
0.5,0.52,0.0,0.06412739615868887
0.5,0.56,0.0,0.07167810382730581
0.5,0.6,0.0,0.07986088676559536
0.5,0.64,0.0,0.08873936840096643
0.5,0.68,0.0,0.09838123988349876
0.5,0.72,0.0,0.10885861585983769
0.5,0.76,0.0,0.12024840796925117
0.5,0.8,0.0,0.13263271740917246
0.5,0.84,0.0,0.1460992483922539
0.5,0.88,0.0,0.16074174450894907
0.5,0.92,0.0,0.1766604473850904
0.5,0.96,0.0,0.1939625871581577
0.5,1.0,0.0,0.21276289052735384
0.5,0.0,0.04,0.0
0.5,0.04,0.04,0.003835697181302641
0.5,0.08,0.04,0.0077086112876584775
0.5,0.12,0.04,0.011656194246560652
0.5,0.16,0.04,0.015716368913443947
0.5,0.2,0.04,0.01992776684741348
0.5,0.24,0.04,0.024329968872556965
0.5,0.28,0.04,0.02896374937248281
0.5,0.32,0.04,0.033871325282207564
0.5,0.36,0.04,0.039096610762364065
0.5,0.4,0.04,0.04468547856597173
0.5,0.44,0.04,0.0506860291374169
0.5,0.48,0.04,0.05714886851652585
0.5,0.52,0.04,0.06412739615868886
0.5,0.56,0.04,0.07167810382730577
0.5,0.6,0.04,0.07986088676559534
0.5,0.64,0.04,0.08873936840096629
0.5,0.68,0.04,0.09838123988349882
0.5,0.72,0.04,0.10885861585983786
0.5,0.76,0.04,0.12024840796925104
0.5,0.8,0.04,0.1326327174091723
0.5,0.84,0.04,0.14609924839225388
0.5,0.88,0.04,0.1607417445089487
0.5,0.92,0.04,0.17666044738509049
0.5,0.96,0.04,0.1939625871581577
0.5,1.0,0.04,0.21276289052735411
0.5,0.0,0.08,0.0
0.5,0.04,0.08,0.0038356971813026533
0.5,0.08,0.08,0.007708611287658499
0.5,0.12,0.08,0.01165619424656067
0.5,0.16,0.08,0.015716368913443926
0.5,0.2,0.08,0.019927766847413448
0.5,0.24,0.08,0.02432996887255701
0.5,0.28,0.08,0.028963749372482812
0.5,0.32,0.08,0.033871325282207536
0.5,0.36,0.08,0.03909661076236407
0.5,0.4,0.08,0.04468547856597175
0.5,0.44,0.08,0.05068602913741706
0.5,0.48,0.08,0.05714886851652592
0.5,0.52,0.08,0.06412739615868908
0.5,0.56,0.08,0.07167810382730581
0.5,0.6,0.08,0.07986088676559557
0.5,0.64,0.08,0.08873936840096656
0.5,0.68,0.08,0.09838123988349912
0.5,0.72,0.08,0.1088586158598379
0.5,0.76,0.08,0.12024840796925161
0.5,0.8,0.08,0.1326327174091726
0.5,0.84,0.08,0.1460992483922537
0.5,0.88,0.08,0.16074174450894907
0.5,0.92,0.08,0.1766604473850908
0.5,0.96,0.08,0.193962587158158
0.5,1.0,0.08,0.212762890527354
0.5,0.0,0.12,0.0
0.5,0.04,0.12,0.003835697181302642
0.5,0.08,0.12,0.007708611287658504
0.5,0.12,0.12,0.0116561942465607
0.5,0.16,0.12,0.015716368913443975
0.5,0.2,0.12,0.01992776684741359
0.5,0.24,0.12,0.024329968872556996
0.5,0.28,0.12,0.028963749372482812
0.5,0.32,0.12,0.03387132528220757
0.5,0.36,0.12,0.03909661076236409
0.5,0.4,0.12,0.04468547856597186
0.5,0.44,0.12,0.05068602913741705
0.5,0.48,0.12,0.05714886851652616
0.5,0.52,0.12,0.06412739615868907
0.5,0.56,0.12,0.07167810382730604
0.5,0.6,0.12,0.07986088676559566
0.5,0.64,0.12,0.08873936840096659
0.5,0.68,0.12,0.09838123988349892
0.5,0.72,0.12,0.10885861585983803
0.5,0.76,0.12,0.12024840796925143
0.5,0.8,0.12,0.1326327174091728
0.5,0.84,0.12,0.14609924839225416
0.5,0.88,0.12,0.16074174450894926
0.5,0.92,0.12,0.17666044738509115
0.5,0.96,0.12,0.19396258715815812
0.5,1.0,0.12,0.2127628905273545
0.5,0.0,0.16,0.0
0.5,0.04,0.16,0.0038356971813026555
0.5,0.08,0.16,0.007708611287658524
0.5,0.12,0.16,0.011656194246560688
0.5,0.16,0.16,0.015716368913443957
0.5,0.2,0.16,0.01992776684741355
0.5,0.24,0.16,0.02432996887255704
0.5,0.28,0.16,0.028963749372482927
0.5,0.32,0.16,0.033871325282207716
0.5,0.36,0.16,0.03909661076236418
0.5,0.4,0.16,0.044685478565971916
0.5,0.44,0.16,0.05068602913741713
0.5,0.48,0.16,0.057148868516526126
0.5,0.52,0.16,0.06412739615868913
0.5,0.56,0.16,0.07167810382730608
0.5,0.6,0.16,0.07986088676559566
0.5,0.64,0.16,0.08873936840096655
0.5,0.68,0.16,0.09838123988349896
0.5,0.72,0.16,0.10885861585983823
0.5,0.76,0.16,0.12024840796925171
0.5,0.8,0.16,0.132632717409173
0.5,0.84,0.16,0.14609924839225452
0.5,0.88,0.16,0.16074174450894935
0.5,0.92,0.16,0.17666044738509112
0.5,0.96,0.16,0.19396258715815828
0.5,1.0,0.16,0.21276289052735453
0.5,0.0,0.2,0.0
0.5,0.04,0.2,0.003835697181302655
0.5,0.08,0.2,0.007708611287658516
0.5,0.12,0.2,0.011656194246560706
0.5,0.16,0.2,0.015716368913443968
0.5,0.2,0.2,0.019927766847413594
0.5,0.24,0.2,0.024329968872557128
0.5,0.28,0.2,0.028963749372482965
0.5,0.32,0.2,0.033871325282207744
0.5,0.36,0.2,0.03909661076236433
0.5,0.4,0.2,0.04468547856597197
0.5,0.44,0.2,0.05068602913741725
0.5,0.48,0.2,0.05714886851652606
0.5,0.52,0.2,0.06412739615868912
0.5,0.56,0.2,0.0716781038273061
0.5,0.6,0.2,0.07986088676559584
0.5,0.64,0.2,0.0887393684009669
0.5,0.68,0.2,0.09838123988349932
0.5,0.72,0.2,0.10885861585983822
0.5,0.76,0.2,0.12024840796925189
0.5,0.8,0.2,0.13263271740917312
0.5,0.84,0.2,0.14609924839225436
0.5,0.88,0.2,0.16074174450894937
0.5,0.92,0.2,0.17666044738509123
0.5,0.96,0.2,0.19396258715815776
0.5,1.0,0.2,0.21276289052735445
0.5,0.0,0.24,0.0
0.5,0.04,0.24,0.0038356971813026633
0.5,0.08,0.24,0.007708611287658529
0.5,0.12,0.24,0.011656194246560695
0.5,0.16,0.24,0.01571636891344398
0.5,0.2,0.24,0.01992776684741353
0.5,0.24,0.24,0.02432996887255715
0.5,0.28,0.24,0.028963749372482975
0.5,0.32,0.24,0.03387132528220778
0.5,0.36,0.24,0.039096610762364224
0.5,0.4,0.24,0.044685478565971916
0.5,0.44,0.24,0.05068602913741732
0.5,0.48,0.24,0.057148868516526265
0.5,0.52,0.24,0.06412739615868929
0.5,0.56,0.24,0.07167810382730626
0.5,0.6,0.24,0.07986088676559576
0.5,0.64,0.24,0.08873936840096691
0.5,0.68,0.24,0.09838123988349913
0.5,0.72,0.24,0.10885861585983818
0.5,0.76,0.24,0.12024840796925203
0.5,0.8,0.24,0.1326327174091731
0.5,0.84,0.24,0.1460992483922542
0.5,0.88,0.24,0.1607417445089493
0.5,0.92,0.24,0.1766604473850914
0.5,0.96,0.24,0.1939625871581585
0.5,1.0,0.24,0.2127628905273544
0.5,0.0,0.28,0.0
0.5,0.04,0.28,0.00383569718130266
0.5,0.08,0.28,0.0077086112876585304
0.5,0.12,0.28,0.01165619424656071
0.5,0.16,0.28,0.01571636891344398
0.5,0.2,0.28,0.019927766847413608
0.5,0.24,0.28,0.024329968872557103
0.5,0.28,0.28,0.028963749372482975
0.5,0.32,0.28,0.033871325282207786
0.5,0.36,0.28,0.03909661076236423
0.5,0.4,0.28,0.04468547856597196
0.5,0.44,0.28,0.050686029137417335
0.5,0.48,0.28,0.05714886851652615
0.5,0.52,0.28,0.06412739615868913
0.5,0.56,0.28,0.07167810382730609
0.5,0.6,0.28,0.07986088676559598
0.5,0.64,0.28,0.08873936840096698
0.5,0.68,0.28,0.09838123988349914
0.5,0.72,0.28,0.10885861585983837
0.5,0.76,0.28,0.12024840796925211
0.5,0.8,0.28,0.13263271740917332
0.5,0.84,0.28,0.14609924839225455
0.5,0.88,0.28,0.1607417445089498
0.5,0.92,0.28,0.17666044738509123
0.5,0.96,0.28,0.19396258715815837
0.5,1.0,0.28,0.21276289052735448
0.5,0.0,0.32,0.0
0.5,0.04,0.32,0.0038356971813026707
0.5,0.08,0.32,0.007708611287658527
0.5,0.12,0.32,0.011656194246560718
0.5,0.16,0.32,0.01571636891344401
0.5,0.2,0.32,0.01992776684741363
0.5,0.24,0.32,0.02432996887255714
0.5,0.28,0.32,0.028963749372482948
0.5,0.32,0.32,0.03387132528220772
0.5,0.36,0.32,0.039096610762364314
0.5,0.4,0.32,0.04468547856597196
0.5,0.44,0.32,0.0506860291374173
0.5,0.48,0.32,0.05714886851652624
0.5,0.52,0.32,0.06412739615868913
0.5,0.56,0.32,0.07167810382730613
0.5,0.6,0.32,0.07986088676559597
0.5,0.64,0.32,0.08873936840096697
0.5,0.68,0.32,0.09838123988349927
0.5,0.72,0.32,0.10885861585983846
0.5,0.76,0.32,0.120248407969252
0.5,0.8,0.32,0.13263271740917337
0.5,0.84,0.32,0.14609924839225463
0.5,0.88,0.32,0.16074174450894924
0.5,0.92,0.32,0.17666044738509123
0.5,0.96,0.32,0.19396258715815848
0.5,1.0,0.32,0.2127628905273547
0.5,0.0,0.36,0.0
0.5,0.04,0.36,0.0038356971813026607
0.5,0.08,0.36,0.0077086112876585235
0.5,0.12,0.36,0.01165619424656073
0.5,0.16,0.36,0.01571636891344403
0.5,0.2,0.36,0.019927766847413618
0.5,0.24,0.36,0.024329968872557135
0.5,0.28,0.36,0.028963749372482885
0.5,0.32,0.36,0.03387132528220775
0.5,0.36,0.36,0.039096610762364314
0.5,0.4,0.36,0.04468547856597215
0.5,0.44,0.36,0.050686029137417314
0.5,0.48,0.36,0.0571488685165261
0.5,0.52,0.36,0.06412739615868912
0.5,0.56,0.36,0.07167810382730612
0.5,0.6,0.36,0.07986088676559579
0.5,0.64,0.36,0.08873936840096706
0.5,0.68,0.36,0.0983812398834994
0.5,0.72,0.36,0.1088586158598386
0.5,0.76,0.36,0.12024840796925224
0.5,0.8,0.36,0.13263271740917326
0.5,0.84,0.36,0.14609924839225458
0.5,0.88,0.36,0.16074174450894982
0.5,0.92,0.36,0.17666044738509148
0.5,0.96,0.36,0.19396258715815834
0.5,1.0,0.36,0.21276289052735475
0.5,0.0,0.4,0.0
0.5,0.04,0.4,0.0038356971813026694
0.5,0.08,0.4,0.007708611287658534
0.5,0.12,0.4,0.011656194246560711
0.5,0.16,0.4,0.015716368913444
0.5,0.2,0.4,0.01992776684741357
0.5,0.24,0.4,0.0243299688725571
0.5,0.28,0.4,0.02896374937248294
0.5,0.32,0.4,0.03387132528220779
0.5,0.36,0.4,0.039096610762364314
0.5,0.4,0.4,0.0446854785659721
0.5,0.44,0.4,0.05068602913741729
0.5,0.48,0.4,0.05714886851652616
0.5,0.52,0.4,0.06412739615868905
0.5,0.56,0.4,0.07167810382730604
0.5,0.6,0.4,0.07986088676559583
0.5,0.64,0.4,0.08873936840096684
0.5,0.68,0.4,0.09838123988349941
0.5,0.72,0.4,0.1088586158598385
0.5,0.76,0.4,0.12024840796925187
0.5,0.8,0.4,0.1326327174091734
0.5,0.84,0.4,0.14609924839225466
0.5,0.88,0.4,0.16074174450894937
0.5,0.92,0.4,0.17666044738509087
0.5,0.96,0.4,0.19396258715815817
0.5,1.0,0.4,0.21276289052735492
0.5,0.0,0.44,0.0
0.5,0.04,0.44,0.003835697181302667
0.5,0.08,0.44,0.007708611287658538
0.5,0.12,0.44,0.011656194246560734
0.5,0.16,0.44,0.015716368913444013
0.5,0.2,0.44,0.019927766847413587
0.5,0.24,0.44,0.024329968872557138
0.5,0.28,0.44,0.028963749372482857
0.5,0.32,0.44,0.0338713252822077
0.5,0.36,0.44,0.03909661076236437
0.5,0.4,0.44,0.04468547856597203
0.5,0.44,0.44,0.050686029137417335
0.5,0.48,0.44,0.05714886851652619
0.5,0.52,0.44,0.06412739615868931
0.5,0.56,0.44,0.07167810382730619
0.5,0.6,0.44,0.07986088676559588
0.5,0.64,0.44,0.08873936840096697
0.5,0.68,0.44,0.09838123988349938
0.5,0.72,0.44,0.10885861585983835
0.5,0.76,0.44,0.12024840796925186
0.5,0.8,0.44,0.13263271740917315
0.5,0.84,0.44,0.14609924839225502
0.5,0.88,0.44,0.1607417445089497
0.5,0.92,0.44,0.1766604473850914
0.5,0.96,0.44,0.19396258715815848
0.5,1.0,0.44,0.21276289052735498
0.5,0.0,0.48,0.0
0.5,0.04,0.48,0.0038356971813026707
0.5,0.08,0.48,0.007708611287658552
0.5,0.12,0.48,0.011656194246560775
0.5,0.16,0.48,0.01571636891344404
0.5,0.2,0.48,0.019927766847413608
0.5,0.24,0.48,0.02432996887255714
0.5,0.28,0.48,0.02896374937248293
0.5,0.32,0.48,0.03387132528220777
0.5,0.36,0.48,0.03909661076236425
0.5,0.4,0.48,0.044685478565972
0.5,0.44,0.48,0.05068602913741721
0.5,0.48,0.48,0.05714886851652622
0.5,0.52,0.48,0.06412739615868925
0.5,0.56,0.48,0.07167810382730622
0.5,0.6,0.48,0.0798608867655957
0.5,0.64,0.48,0.08873936840096694
0.5,0.68,0.48,0.09838123988349941
0.5,0.72,0.48,0.10885861585983819
0.5,0.76,0.48,0.12024840796925182
0.5,0.8,0.48,0.13263271740917315
0.5,0.84,0.48,0.14609924839225444
0.5,0.88,0.48,0.16074174450894965
0.5,0.92,0.48,0.1766604473850918
0.5,0.96,0.48,0.19396258715815848
0.5,1.0,0.48,0.21276289052735492
0.5,0.0,0.52,0.0
0.5,0.04,0.52,0.003835697181302677
0.5,0.08,0.52,0.00770861128765856
0.5,0.12,0.52,0.011656194246560727
0.5,0.16,0.52,0.015716368913443985
0.5,0.2,0.52,0.019927766847413615
0.5,0.24,0.52,0.02432996887255713
0.5,0.28,0.52,0.028963749372482882
0.5,0.32,0.52,0.03387132528220772
0.5,0.36,0.52,0.03909661076236428
0.5,0.4,0.52,0.044685478565972124
0.5,0.44,0.52,0.05068602913741735
0.5,0.48,0.52,0.05714886851652619
0.5,0.52,0.52,0.06412739615868909
0.5,0.56,0.52,0.0716781038273062
0.5,0.6,0.52,0.07986088676559584
0.5,0.64,0.52,0.08873936840096679
0.5,0.68,0.52,0.09838123988349924
0.5,0.72,0.52,0.10885861585983804
0.5,0.76,0.52,0.12024840796925176
0.5,0.8,0.52,0.13263271740917346
0.5,0.84,0.52,0.1460992483922547
0.5,0.88,0.52,0.16074174450894987
0.5,0.92,0.52,0.17666044738509176
0.5,0.96,0.52,0.19396258715815895
0.5,1.0,0.52,0.21276289052735495
0.5,0.0,0.56,0.0
0.5,0.04,0.56,0.0038356971813026746
0.5,0.08,0.56,0.007708611287658574
0.5,0.12,0.56,0.01165619424656075
0.5,0.16,0.56,0.015716368913444044
0.5,0.2,0.56,0.019927766847413635
0.5,0.24,0.56,0.024329968872557162
0.5,0.28,0.56,0.028963749372482896
0.5,0.32,0.56,0.033871325282207605
0.5,0.36,0.56,0.03909661076236431
0.5,0.4,0.56,0.04468547856597194
0.5,0.44,0.56,0.05068602913741722
0.5,0.48,0.56,0.057148868516526195
0.5,0.52,0.56,0.06412739615868909
0.5,0.56,0.56,0.0716781038273062
0.5,0.6,0.56,0.0798608867655957
0.5,0.64,0.56,0.08873936840096708
0.5,0.68,0.56,0.09838123988349934
0.5,0.72,0.56,0.10885861585983807
0.5,0.76,0.56,0.12024840796925187
0.5,0.8,0.56,0.13263271740917326
0.5,0.84,0.56,0.1460992483922546
0.5,0.88,0.56,0.1607417445089497
0.5,0.92,0.56,0.17666044738509148
0.5,0.96,0.56,0.19396258715815837
0.5,1.0,0.56,0.2127628905273551
0.5,0.0,0.6,0.0
0.5,0.04,0.6,0.0038356971813026716
0.5,0.08,0.6,0.007708611287658564
0.5,0.12,0.6,0.01165619424656075
0.5,0.16,0.6,0.01571636891344407
0.5,0.2,0.6,0.019927766847413594
0.5,0.24,0.6,0.024329968872557145
0.5,0.28,0.6,0.028963749372482903
0.5,0.32,0.6,0.03387132528220768
0.5,0.36,0.6,0.039096610762364196
0.5,0.4,0.6,0.04468547856597211
0.5,0.44,0.6,0.050686029137417245
0.5,0.48,0.6,0.05714886851652618
0.5,0.52,0.6,0.06412739615868918
0.5,0.56,0.6,0.07167810382730622
0.5,0.6,0.6,0.07986088676559595
0.5,0.64,0.6,0.088739368400967
0.5,0.68,0.6,0.09838123988349953
0.5,0.72,0.6,0.10885861585983823
0.5,0.76,0.6,0.12024840796925168
0.5,0.8,0.6,0.13263271740917326
0.5,0.84,0.6,0.14609924839225474
0.5,0.88,0.6,0.1607417445089501
0.5,0.92,0.6,0.17666044738509132
0.5,0.96,0.6,0.19396258715815895
0.5,1.0,0.6,0.21276289052735495
0.5,0.0,0.64,0.0
0.5,0.04,0.64,0.0038356971813026755
0.5,0.08,0.64,0.007708611287658557
0.5,0.12,0.64,0.011656194246560758
0.5,0.16,0.64,0.01571636891344408
0.5,0.2,0.64,0.019927766847413625
0.5,0.24,0.64,0.02432996887255723
0.5,0.28,0.64,0.028963749372482916
0.5,0.32,0.64,0.033871325282207744
0.5,0.36,0.64,0.0390966107623643
0.5,0.4,0.64,0.04468547856597203
0.5,0.44,0.64,0.0506860291374173
0.5,0.48,0.64,0.05714886851652626
0.5,0.52,0.64,0.06412739615868923
0.5,0.56,0.64,0.07167810382730627
0.5,0.6,0.64,0.07986088676559579
0.5,0.64,0.64,0.08873936840096684
0.5,0.68,0.64,0.09838123988349937
0.5,0.72,0.64,0.1088586158598385
0.5,0.76,0.64,0.12024840796925215
0.5,0.8,0.64,0.1326327174091732
0.5,0.84,0.64,0.14609924839225483
0.5,0.88,0.64,0.1607417445089499
0.5,0.92,0.64,0.17666044738509137
0.5,0.96,0.64,0.19396258715815903
0.5,1.0,0.64,0.21276289052735506
0.5,0.0,0.68,0.0
0.5,0.04,0.68,0.0038356971813026802
0.5,0.08,0.68,0.0077086112876585365
0.5,0.12,0.68,0.011656194246560751
0.5,0.16,0.68,0.015716368913444058
0.5,0.2,0.68,0.019927766847413573
0.5,0.24,0.68,0.024329968872557103
0.5,0.28,0.68,0.02896374937248297
0.5,0.32,0.68,0.03387132528220773
0.5,0.36,0.68,0.03909661076236422
0.5,0.4,0.68,0.044685478565972096
0.5,0.44,0.68,0.05068602913741731
0.5,0.48,0.68,0.057148868516526195
0.5,0.52,0.68,0.06412739615868925
0.5,0.56,0.68,0.07167810382730629
0.5,0.6,0.68,0.07986088676559573
0.5,0.64,0.68,0.08873936840096691
0.5,0.68,0.68,0.09838123988349938
0.5,0.72,0.68,0.10885861585983839
0.5,0.76,0.68,0.120248407969252
0.5,0.8,0.68,0.1326327174091733
0.5,0.84,0.68,0.14609924839225474
0.5,0.88,0.68,0.16074174450894976
0.5,0.92,0.68,0.17666044738509165
0.5,0.96,0.68,0.19396258715815873
0.5,1.0,0.68,0.21276289052735511
0.5,0.0,0.72,0.0
0.5,0.04,0.72,0.0038356971813026755
0.5,0.08,0.72,0.007708611287658569
0.5,0.12,0.72,0.01165619424656076
0.5,0.16,0.72,0.015716368913444058
0.5,0.2,0.72,0.01992776684741365
0.5,0.24,0.72,0.024329968872557197
0.5,0.28,0.72,0.02896374937248299
0.5,0.32,0.72,0.03387132528220766
0.5,0.36,0.72,0.039096610762364356
0.5,0.4,0.72,0.044685478565972006
0.5,0.44,0.72,0.05068602913741742
0.5,0.48,0.72,0.057148868516526376
0.5,0.52,0.72,0.06412739615868929
0.5,0.56,0.72,0.0716781038273062
0.5,0.6,0.72,0.07986088676559586
0.5,0.64,0.72,0.08873936840096702
0.5,0.68,0.72,0.09838123988349924
0.5,0.72,0.72,0.10885861585983846
0.5,0.76,0.72,0.12024840796925189
0.5,0.8,0.72,0.1326327174091731
0.5,0.84,0.72,0.14609924839225477
0.5,0.88,0.72,0.1607417445089498
0.5,0.92,0.72,0.1766604473850919
0.5,0.96,0.72,0.19396258715815912
0.5,1.0,0.72,0.2127628905273551
0.5,0.0,0.76,0.0
0.5,0.04,0.76,0.003835697181302687
0.5,0.08,0.76,0.007708611287658559
0.5,0.12,0.76,0.01165619424656076
0.5,0.16,0.76,0.015716368913444054
0.5,0.2,0.76,0.019927766847413656
0.5,0.24,0.76,0.024329968872557204
0.5,0.28,0.76,0.02896374937248296
0.5,0.32,0.76,0.033871325282207806
0.5,0.36,0.76,0.03909661076236442
0.5,0.4,0.76,0.04468547856597201
0.5,0.44,0.76,0.05068602913741742
0.5,0.48,0.76,0.05714886851652629
0.5,0.52,0.76,0.0641273961586893
0.5,0.56,0.76,0.07167810382730624
0.5,0.6,0.76,0.07986088676559569
0.5,0.64,0.76,0.08873936840096697
0.5,0.68,0.76,0.09838123988349937
0.5,0.72,0.76,0.10885861585983828
0.5,0.76,0.76,0.12024840796925186
0.5,0.8,0.76,0.1326327174091733
0.5,0.84,0.76,0.1460992483922549
0.5,0.88,0.76,0.16074174450895024
0.5,0.92,0.76,0.1766604473850914
0.5,0.96,0.76,0.1939625871581591
0.5,1.0,0.76,0.21276289052735536
0.5,0.0,0.8,0.0
0.5,0.04,0.8,0.0038356971813026885
0.5,0.08,0.8,0.007708611287658584
0.5,0.12,0.8,0.011656194246560786
0.5,0.16,0.8,0.01571636891344404
0.5,0.2,0.8,0.019927766847413722
0.5,0.24,0.8,0.024329968872557218
0.5,0.28,0.8,0.028963749372482965
0.5,0.32,0.8,0.03387132528220784
0.5,0.36,0.8,0.03909661076236425
0.5,0.4,0.8,0.044685478565972055
0.5,0.44,0.8,0.05068602913741745
0.5,0.48,0.8,0.05714886851652627
0.5,0.52,0.8,0.06412739615868933
0.5,0.56,0.8,0.07167810382730636
0.5,0.6,0.8,0.0798608867655957
0.5,0.64,0.8,0.08873936840096704
0.5,0.68,0.8,0.09838123988349919
0.5,0.72,0.8,0.10885861585983825
0.5,0.76,0.8,0.12024840796925171
0.5,0.8,0.8,0.1326327174091727
0.5,0.84,0.8,0.14609924839225474
0.5,0.88,0.8,0.16074174450895004
0.5,0.92,0.8,0.1766604473850919
0.5,0.96,0.8,0.19396258715815914
0.5,1.0,0.8,0.21276289052735523
0.5,0.0,0.84,0.0
0.5,0.04,0.84,0.0038356971813026885
0.5,0.08,0.84,0.007708611287658583
0.5,0.12,0.84,0.0116561942465608
0.5,0.16,0.84,0.015716368913444082
0.5,0.2,0.84,0.019927766847413667
0.5,0.24,0.84,0.024329968872557225
0.5,0.28,0.84,0.028963749372483007
0.5,0.32,0.84,0.033871325282207806
0.5,0.36,0.84,0.03909661076236437
0.5,0.4,0.84,0.04468547856597208
0.5,0.44,0.84,0.05068602913741742
0.5,0.48,0.84,0.05714886851652618
0.5,0.52,0.84,0.06412739615868948
0.5,0.56,0.84,0.07167810382730622
0.5,0.6,0.84,0.07986088676559587
0.5,0.64,0.84,0.08873936840096686
0.5,0.68,0.84,0.09838123988349928
0.5,0.72,0.84,0.10885861585983847
0.5,0.76,0.84,0.12024840796925182
0.5,0.8,0.84,0.13263271740917296
0.5,0.84,0.84,0.1460992483922546
0.5,0.88,0.84,0.16074174450895032
0.5,0.92,0.84,0.17666044738509198
0.5,0.96,0.84,0.1939625871581589
0.5,1.0,0.84,0.21276289052735523
0.5,0.0,0.88,0.0
0.5,0.04,0.88,0.0038356971813026997
0.5,0.08,0.88,0.007708611287658593
0.5,0.12,0.88,0.01165619424656078
0.5,0.16,0.88,0.015716368913444093
0.5,0.2,0.88,0.01992776684741365
0.5,0.24,0.88,0.024329968872557214
0.5,0.28,0.88,0.028963749372483027
0.5,0.32,0.88,0.03387132528220781
0.5,0.36,0.88,0.039096610762364356
0.5,0.4,0.88,0.04468547856597221
0.5,0.44,0.88,0.050686029137417266
0.5,0.48,0.88,0.05714886851652626
0.5,0.52,0.88,0.06412739615868925
0.5,0.56,0.88,0.07167810382730617
0.5,0.6,0.88,0.07986088676559588
0.5,0.64,0.88,0.08873936840096709
0.5,0.68,0.88,0.0983812398834993
0.5,0.72,0.88,0.10885861585983829
0.5,0.76,0.88,0.1202484079692519
0.5,0.8,0.88,0.13263271740917335
0.5,0.84,0.88,0.1460992483922548
0.5,0.88,0.88,0.1607417445089495
0.5,0.92,0.88,0.17666044738509198
0.5,0.96,0.88,0.1939625871581588
0.5,1.0,0.88,0.21276289052735486
0.5,0.0,0.92,0.0
0.5,0.04,0.92,0.003835697181302701
0.5,0.08,0.92,0.007708611287658598
0.5,0.12,0.92,0.011656194246560808
0.5,0.16,0.92,0.01571636891344409
0.5,0.2,0.92,0.01992776684741373
0.5,0.24,0.92,0.024329968872557284
0.5,0.28,0.92,0.02896374937248311
0.5,0.32,0.92,0.03387132528220791
0.5,0.36,0.92,0.03909661076236436
0.5,0.4,0.92,0.044685478565972214
0.5,0.44,0.92,0.050686029137417515
0.5,0.48,0.92,0.05714886851652626
0.5,0.52,0.92,0.06412739615868926
0.5,0.56,0.92,0.07167810382730616
0.5,0.6,0.92,0.0798608867655958
0.5,0.64,0.92,0.08873936840096705
0.5,0.68,0.92,0.09838123988349944
0.5,0.72,0.92,0.10885861585983826
0.5,0.76,0.92,0.12024840796925179
0.5,0.8,0.92,0.1326327174091734
0.5,0.84,0.92,0.1460992483922545
0.5,0.88,0.92,0.16074174450894976
0.5,0.92,0.92,0.17666044738509154
0.5,0.96,0.92,0.19396258715815878
0.5,1.0,0.92,0.21276289052735475
0.5,0.0,0.96,0.0
0.5,0.04,0.96,0.0038356971813027036
0.5,0.08,0.96,0.007708611287658587
0.5,0.12,0.96,0.011656194246560813
0.5,0.16,0.96,0.015716368913444117
0.5,0.2,0.96,0.019927766847413732
0.5,0.24,0.96,0.024329968872557298
0.5,0.28,0.96,0.02896374937248309
0.5,0.32,0.96,0.03387132528220784
0.5,0.36,0.96,0.0390966107623644
0.5,0.4,0.96,0.04468547856597213
0.5,0.44,0.96,0.050686029137417404
0.5,0.48,0.96,0.05714886851652635
0.5,0.52,0.96,0.06412739615868929
0.5,0.56,0.96,0.07167810382730624
0.5,0.6,0.96,0.07986088676559583
0.5,0.64,0.96,0.0887393684009668
0.5,0.68,0.96,0.09838123988349932
0.5,0.72,0.96,0.1088586158598384
0.5,0.76,0.96,0.120248407969252
0.5,0.8,0.96,0.13263271740917357
0.5,0.84,0.96,0.1460992483922547
0.5,0.88,0.96,0.16074174450895
0.5,0.92,0.96,0.17666044738509146
0.5,0.96,0.96,0.19396258715815892
0.5,1.0,0.96,0.21276289052735486
0.5,0.0,1.0,0.0
0.5,0.04,1.0,0.0038356971813027062
0.5,0.08,1.0,0.007708611287658597
0.5,0.12,1.0,0.011656194246560824
0.5,0.16,1.0,0.01571636891344412
0.5,0.2,1.0,0.019927766847413708
0.5,0.24,1.0,0.024329968872557256
0.5,0.28,1.0,0.028963749372483076
0.5,0.32,1.0,0.03387132528220785
0.5,0.36,1.0,0.03909661076236439
0.5,0.4,1.0,0.04468547856597208
0.5,0.44,1.0,0.05068602913741744
0.5,0.48,1.0,0.05714886851652627
0.5,0.52,1.0,0.06412739615868927
0.5,0.56,1.0,0.07167810382730622
0.5,0.6,1.0,0.07986088676559579
0.5,0.64,1.0,0.0887393684009669
0.5,0.68,1.0,0.09838123988349932
0.5,0.72,1.0,0.10885861585983829
0.5,0.76,1.0,0.12024840796925185
0.5,0.8,1.0,0.1326327174091732
0.5,0.84,1.0,0.14609924839225452
0.5,0.88,1.0,0.16074174450894985
0.5,0.92,1.0,0.1766604473850914
0.5,0.96,1.0,0.19396258715815898
0.5,1.0,1.0,0.21276289052735514
0.75,0.0,0.0,0.0
0.75,0.04,0.0,0.007922291788350005
0.75,0.08,0.0,0.015898315720503372
0.75,0.12,0.0,0.02398207398359553
0.75,0.16,0.0,0.032228109941677234
0.75,0.2,0.0,0.0406917814542441
0.75,0.24,0.0,0.04942953748323444
0.75,0.28,0.0,0.05849919910506226
0.75,0.32,0.0,0.06796024606164673
0.75,0.36,0.0,0.07787411000659242
0.75,0.4,0.0,0.08830447563032379
0.75,0.44,0.0,0.09931759088044646
0.75,0.48,0.0,0.11098258752769428
0.75,0.52,0.0,0.1233718133642567
0.75,0.56,0.0,0.1365611773727977
0.75,0.6,0.0,0.1506305092776614
0.75,0.64,0.0,0.16566393492711298
0.75,0.68,0.0,0.1817502689231496
0.75,0.72,0.0,0.19898342614393916
0.75,0.76,0.0,0.21746285421220996
0.75,0.8,0.0,0.237293987488659
0.75,0.84,0.0,0.2585887251180996
0.75,0.88,0.0,0.2814659398535583
0.75,0.92,0.0,0.3060519958793599
0.75,0.96,0.0,0.3324813495975648
0.75,1.0,0.0,0.3608970820408495
0.75,0.0,0.04,0.0
0.75,0.04,0.04,0.007922291788350015
0.75,0.08,0.04,0.015898315720503108
0.75,0.12,0.04,0.023982073983595482
0.75,0.16,0.04,0.032228109941677664
0.75,0.2,0.04,0.04069178145424455
0.75,0.24,0.04,0.04942953748323477
0.75,0.28,0.04,0.05849919910506119
0.75,0.32,0.04,0.06796024606164806
0.75,0.36,0.04,0.07787411000659396
0.75,0.4,0.04,0.08830447563032295
0.75,0.44,0.04,0.09931759088044347
0.75,0.48,0.04,0.11098258752769188
0.75,0.52,0.04,0.12337181336425733
0.75,0.56,0.04,0.13656117737279724
0.75,0.6,0.04,0.1506305092776592
0.75,0.64,0.04,0.16566393492711026
0.75,0.68,0.04,0.18175026892314874
0.75,0.72,0.04,0.19898342614394351
0.75,0.76,0.04,0.21746285421220943
0.75,0.8,0.04,0.23729398748865826
0.75,0.84,0.04,0.25858872511809883
0.75,0.88,0.04,0.28146593985355817
0.75,0.92,0.04,0.30605199587936077
0.75,0.96,0.04,0.3324813495975586
0.75,1.0,0.04,0.36089708204085386
0.75,0.0,0.08,0.0
0.75,0.04,0.08,0.007922291788350133
0.75,0.08,0.08,0.015898315720503424
0.75,0.12,0.08,0.023982073983595822
0.75,0.16,0.08,0.03222810994167719
0.75,0.2,0.08,0.040691781454243695
0.75,0.24,0.08,0.04942953748323399
0.75,0.28,0.08,0.05849919910506212
0.75,0.32,0.08,0.06796024606164573
0.75,0.36,0.08,0.077874110006592
0.75,0.4,0.08,0.08830447563032377
0.75,0.44,0.08,0.09931759088044663
0.75,0.48,0.08,0.1109825875276932
0.75,0.52,0.08,0.12337181336425954
0.75,0.56,0.08,0.13656117737279766
0.75,0.6,0.08,0.150630509277659
0.75,0.64,0.08,0.16566393492711132
0.75,0.68,0.08,0.1817502689231526
0.75,0.72,0.08,0.19898342614394082
0.75,0.76,0.08,0.21746285421221206
0.75,0.8,0.08,0.23729398748865704
0.75,0.84,0.08,0.25858872511809583
0.75,0.88,0.08,0.2814659398535583
0.75,0.92,0.08,0.30605199587936066
0.75,0.96,0.08,0.3324813495975573
0.75,1.0,0.08,0.36089708204085374
0.75,0.0,0.12,0.0
0.75,0.04,0.12,0.007922291788350069
0.75,0.08,0.12,0.0158983157205032
0.75,0.12,0.12,0.02398207398359587
0.75,0.16,0.12,0.032228109941677456
0.75,0.2,0.12,0.04069178145424496
0.75,0.24,0.12,0.04942953748323399
0.75,0.28,0.12,0.05849919910506239
0.75,0.32,0.12,0.06796024606164648
0.75,0.36,0.12,0.0778741100065915
0.75,0.4,0.12,0.08830447563032381
0.75,0.44,0.12,0.09931759088044477
0.75,0.48,0.12,0.11098258752769431
0.75,0.52,0.12,0.12337181336425808
0.75,0.56,0.12,0.1365611773727977
0.75,0.6,0.12,0.15063050927766214
0.75,0.64,0.12,0.1656639349271138
0.75,0.68,0.12,0.18175026892314794
0.75,0.72,0.12,0.19898342614394354
0.75,0.76,0.12,0.2174628542122072
0.75,0.8,0.12,0.2372939874886591
0.75,0.84,0.12,0.25858872511809866
0.75,0.88,0.12,0.28146593985355434
0.75,0.92,0.12,0.30605199587936294
0.75,0.96,0.12,0.33248134959756404
0.75,1.0,0.12,0.3608970820408537
0.75,0.0,0.16,0.0
0.75,0.04,0.16,0.007922291788350118
0.75,0.08,0.16,0.01589831572050338
0.75,0.12,0.16,0.023982073983595743
0.75,0.16,0.16,0.032228109941677796
0.75,0.2,0.16,0.04069178145424505
0.75,0.24,0.16,0.049429537483233296
0.75,0.28,0.16,0.05849919910506131
0.75,0.32,0.16,0.06796024606164754
0.75,0.36,0.16,0.07787411000659239
0.75,0.4,0.16,0.08830447563032424
0.75,0.44,0.16,0.09931759088044403
0.75,0.48,0.16,0.11098258752769338
0.75,0.52,0.16,0.12337181336425586
0.75,0.56,0.16,0.13656117737279982
0.75,0.6,0.16,0.15063050927765823
0.75,0.64,0.16,0.1656639349271093
0.75,0.68,0.16,0.18175026892314752
0.75,0.72,0.16,0.19898342614394177
0.75,0.76,0.16,0.21746285421220815
0.75,0.8,0.16,0.23729398748865857
0.75,0.84,0.16,0.2585887251181013
0.75,0.88,0.16,0.28146593985355195
0.75,0.92,0.16,0.306051995879364
0.75,0.96,0.16,0.33248134959756215
0.75,1.0,0.16,0.3608970820408526
0.75,0.0,0.2,0.0
0.75,0.04,0.2,0.007922291788350105
0.75,0.08,0.2,0.01589831572050327
0.75,0.12,0.2,0.023982073983595656
0.75,0.16,0.2,0.032228109941677435
0.75,0.2,0.2,0.04069178145424461
0.75,0.24,0.2,0.049429537483233886
0.75,0.28,0.2,0.05849919910506113
0.75,0.32,0.2,0.06796024606164847
0.75,0.36,0.2,0.07787411000659211
0.75,0.4,0.2,0.08830447563032315
0.75,0.44,0.2,0.09931759088044513
0.75,0.48,0.2,0.110982587527692
0.75,0.52,0.2,0.12337181336425541
0.75,0.56,0.2,0.13656117737279896
0.75,0.6,0.2,0.1506305092776605
0.75,0.64,0.2,0.1656639349271137
0.75,0.68,0.2,0.18175026892314705
0.75,0.72,0.2,0.19898342614394185
0.75,0.76,0.2,0.21746285421221023
0.75,0.8,0.2,0.23729398748865552
0.75,0.84,0.2,0.258588725118101
0.75,0.88,0.2,0.28146593985355606
0.75,0.92,0.2,0.3060519958793664
0.75,0.96,0.2,0.3324813495975603
0.75,1.0,0.2,0.3608970820408535
0.75,0.0,0.24,0.0
0.75,0.04,0.24,0.007922291788350135
0.75,0.08,0.24,0.015898315720503133
0.75,0.12,0.24,0.023982073983595524
0.75,0.16,0.24,0.03222810994167644
0.75,0.2,0.24,0.04069178145424374
0.75,0.24,0.24,0.04942953748323449
0.75,0.28,0.24,0.05849919910506174
0.75,0.32,0.24,0.06796024606164905
0.75,0.36,0.24,0.07787411000659214
0.75,0.4,0.24,0.0883044756303227
0.75,0.44,0.24,0.09931759088044644
0.75,0.48,0.24,0.11098258752769337
0.75,0.52,0.24,0.12337181336425758
0.75,0.56,0.24,0.13656117737279982
0.75,0.6,0.24,0.15063050927766053
0.75,0.64,0.24,0.16566393492711212
0.75,0.68,0.24,0.1817502689231462
0.75,0.72,0.24,0.1989834261439367
0.75,0.76,0.24,0.21746285421220862
0.75,0.8,0.24,0.2372939874886553
0.75,0.84,0.24,0.2585887251180941
0.75,0.88,0.24,0.2814659398535518
0.75,0.92,0.24,0.3060519958793707
0.75,0.96,0.24,0.3324813495975662
0.75,1.0,0.24,0.3608970820408561
0.75,0.0,0.28,0.0
0.75,0.04,0.28,0.007922291788350029
0.75,0.08,0.28,0.015898315720503545
0.75,0.12,0.28,0.02398207398359596
0.75,0.16,0.28,0.03222810994167683
0.75,0.2,0.28,0.04069178145424514
0.75,0.24,0.28,0.04942953748323344
0.75,0.28,0.28,0.05849919910506145
0.75,0.32,0.28,0.06796024606164743
0.75,0.36,0.28,0.07787411000659089
0.75,0.4,0.28,0.08830447563032445
0.75,0.44,0.28,0.0993175908804466
0.75,0.48,0.28,0.11098258752769219
0.75,0.52,0.28,0.12337181336425579
0.75,0.56,0.28,0.13656117737279896
0.75,0.6,0.28,0.15063050927766275
0.75,0.64,0.28,0.16566393492711334
0.75,0.68,0.28,0.18175026892314705
0.75,0.72,0.28,0.19898342614394163
0.75,0.76,0.28,0.2174628542122129
0.75,0.8,0.28,0.23729398748865838
0.75,0.84,0.28,0.2585887251180999
0.75,0.88,0.28,0.281465939853558
0.75,0.92,0.28,0.3060519958793637
0.75,0.96,0.28,0.33248134959756553
0.75,1.0,0.28,0.36089708204085613
0.75,0.0,0.32,0.0
0.75,0.04,0.32,0.007922291788350046
0.75,0.08,0.32,0.015898315720503476
0.75,0.12,0.32,0.023982073983595555
0.75,0.16,0.32,0.03222810994167708
0.75,0.2,0.32,0.040691781454245284
0.75,0.24,0.32,0.04942953748323489
0.75,0.28,0.32,0.05849919910506178
0.75,0.32,0.32,0.06796024606164602
0.75,0.36,0.32,0.07787411000659113
0.75,0.4,0.32,0.08830447563032187
0.75,0.44,0.32,0.09931759088044671
0.75,0.48,0.32,0.11098258752769453
0.75,0.52,0.32,0.1233718133642565
0.75,0.56,0.32,0.1365611773727939
0.75,0.6,0.32,0.15063050927766153
0.75,0.64,0.32,0.16566393492711173
0.75,0.68,0.32,0.18175026892314922
0.75,0.72,0.32,0.1989834261439427
0.75,0.76,0.32,0.21746285421220946
0.75,0.8,0.32,0.23729398748865807
0.75,0.84,0.32,0.2585887251181011
0.75,0.88,0.32,0.2814659398535531
0.75,0.92,0.32,0.3060519958793604
0.75,0.96,0.32,0.33248134959756465
0.75,1.0,0.32,0.3608970820408528
0.75,0.0,0.36,0.0
0.75,0.04,0.36,0.007922291788350027
0.75,0.08,0.36,0.015898315720503212
0.75,0.12,0.36,0.023982073983595257
0.75,0.16,0.36,0.03222810994167697
0.75,0.2,0.36,0.04069178145424484
0.75,0.24,0.36,0.049429537483234906
0.75,0.28,0.36,0.05849919910506178
0.75,0.32,0.36,0.06796024606164679
0.75,0.36,0.36,0.07787411000659246
0.75,0.4,0.36,0.0883044756303262
0.75,0.44,0.36,0.09931759088044705
0.75,0.48,0.36,0.11098258752769233
0.75,0.52,0.36,0.12337181336425586
0.75,0.56,0.36,0.13656117737279735
0.75,0.6,0.36,0.1506305092776624
0.75,0.64,0.36,0.1656639349271127
0.75,0.68,0.36,0.18175026892314794
0.75,0.72,0.36,0.19898342614394016
0.75,0.76,0.36,0.21746285421221354
0.75,0.8,0.36,0.23729398748865765
0.75,0.84,0.36,0.25858872511809816
0.75,0.88,0.36,0.2814659398535581
0.75,0.92,0.36,0.3060519958793587
0.75,0.96,0.36,0.33248134959756115
0.75,1.0,0.36,0.3608970820408535
0.75,0.0,0.4,0.0
0.75,0.04,0.4,0.007922291788350041
0.75,0.08,0.4,0.015898315720503563
0.75,0.12,0.4,0.023982073983595358
0.75,0.16,0.4,0.0322281099416769
0.75,0.2,0.4,0.04069178145424392
0.75,0.24,0.4,0.049429537483234365
0.75,0.28,0.4,0.05849919910506181
0.75,0.32,0.4,0.06796024606164812
0.75,0.36,0.4,0.07787411000659156
0.75,0.4,0.4,0.08830447563032469
0.75,0.44,0.4,0.09931759088044591
0.75,0.48,0.4,0.11098258752769502
0.75,0.52,0.4,0.12337181336425543
0.75,0.56,0.4,0.13656117737279602
0.75,0.6,0.4,0.15063050927766053
0.75,0.64,0.4,0.16566393492711007
0.75,0.68,0.4,0.18175026892314658
0.75,0.72,0.4,0.19898342614394357
0.75,0.76,0.4,0.21746285421220748
0.75,0.8,0.4,0.23729398748866104
0.75,0.84,0.4,0.25858872511810016
0.75,0.88,0.4,0.28146593985355334
0.75,0.92,0.4,0.30605199587935983
0.75,0.96,0.4,0.33248134959756054
0.75,1.0,0.4,0.3608970820408546
0.75,0.0,0.44,0.0
0.75,0.04,0.44,0.00792229178834997
0.75,0.08,0.44,0.01589831572050321
0.75,0.12,0.44,0.023982073983595576
0.75,0.16,0.44,0.032228109941677296
0.75,0.2,0.44,0.04069178145424507
0.75,0.24,0.44,0.04942953748323392
0.75,0.28,0.44,0.05849919910506192
0.75,0.32,0.44,0.06796024606164643
0.75,0.36,0.44,0.07787411000659115
0.75,0.4,0.44,0.08830447563032416
0.75,0.44,0.44,0.09931759088044499
0.75,0.48,0.44,0.1109825875276929
0.75,0.52,0.44,0.12337181336425973
0.75,0.56,0.44,0.13656117737279855
0.75,0.6,0.44,0.1506305092776618
0.75,0.64,0.44,0.16566393492711087
0.75,0.68,0.44,0.1817502689231517
0.75,0.72,0.44,0.19898342614394054
0.75,0.76,0.44,0.21746285421220815
0.75,0.8,0.44,0.23729398748865504
0.75,0.84,0.44,0.25858872511810466
0.75,0.88,0.44,0.28146593985355906
0.75,0.92,0.44,0.3060519958793614
0.75,0.96,0.44,0.33248134959756326
0.75,1.0,0.44,0.36089708204085524
0.75,0.0,0.48,0.0
0.75,0.04,0.48,0.007922291788350076
0.75,0.08,0.48,0.01589831572050357
0.75,0.12,0.48,0.023982073983596072
0.75,0.16,0.48,0.03222810994167728
0.75,0.2,0.48,0.04069178145424429
0.75,0.24,0.48,0.04942953748323519
0.75,0.28,0.48,0.05849919910506094
0.75,0.32,0.48,0.06796024606164754
0.75,0.36,0.48,0.07787411000659265
0.75,0.4,0.48,0.08830447563032269
0.75,0.44,0.48,0.09931759088044513
0.75,0.48,0.48,0.11098258752769417
0.75,0.52,0.48,0.12337181336425848
0.75,0.56,0.48,0.13656117737279982
0.75,0.6,0.48,0.15063050927765817
0.75,0.64,0.48,0.16566393492711204
0.75,0.68,0.48,0.18175026892315213
0.75,0.72,0.48,0.19898342614393916
0.75,0.76,0.48,0.21746285421221165
0.75,0.8,0.48,0.2372939874886627
0.75,0.84,0.48,0.258588725118099
0.75,0.88,0.48,0.28146593985355894
0.75,0.92,0.48,0.3060519958793664
0.75,0.96,0.48,0.332481349597563
0.75,1.0,0.48,0.3608970820408536
0.75,0.0,0.52,0.0
0.75,0.04,0.52,0.007922291788350064
0.75,0.08,0.52,0.015898315720503087
0.75,0.12,0.52,0.023982073983595205
0.75,0.16,0.52,0.032228109941676915
0.75,0.2,0.52,0.04069178145424564
0.75,0.24,0.52,0.04942953748323497
0.75,0.28,0.52,0.05849919910506111
0.75,0.32,0.52,0.06796024606164781
0.75,0.36,0.52,0.07787411000659356
0.75,0.4,0.52,0.08830447563032505
0.75,0.44,0.52,0.09931759088044591
0.75,0.48,0.52,0.1109825875276937
0.75,0.52,0.52,0.12337181336425641
0.75,0.56,0.52,0.1365611773727976
0.75,0.6,0.52,0.15063050927766078
0.75,0.64,0.52,0.16566393492711032
0.75,0.68,0.52,0.18175026892314827
0.75,0.72,0.52,0.1989834261439363
0.75,0.76,0.52,0.21746285421221126
0.75,0.8,0.52,0.23729398748866493
0.75,0.84,0.52,0.25858872511809927
0.75,0.88,0.52,0.28146593985356294
0.75,0.92,0.52,0.3060519958793604
0.75,0.96,0.52,0.33248134959756703
0.75,1.0,0.52,0.36089708204085263
0.75,0.0,0.56,0.0
0.75,0.04,0.56,0.007922291788349934
0.75,0.08,0.56,0.015898315720503577
0.75,0.12,0.56,0.023982073983595645
0.75,0.16,0.56,0.0322281099416773
0.75,0.2,0.56,0.04069178145424522
0.75,0.24,0.56,0.04942953748323507
0.75,0.28,0.56,0.0584991991050609
0.75,0.32,0.56,0.06796024606164679
0.75,0.36,0.56,0.07787411000659265
0.75,0.4,0.56,0.08830447563032293
0.75,0.44,0.56,0.09931759088044598
0.75,0.48,0.56,0.11098258752769255
0.75,0.52,0.56,0.12337181336425466
0.75,0.56,0.56,0.13656117737279808
0.75,0.6,0.56,0.15063050927765878
0.75,0.64,0.56,0.16566393492711617
0.75,0.68,0.56,0.1817502689231486
0.75,0.72,0.56,0.19898342614393613
0.75,0.76,0.56,0.21746285421221132
0.75,0.8,0.56,0.2372939874886628
0.75,0.84,0.56,0.258588725118101
0.75,0.88,0.56,0.2814659398535561
0.75,0.92,0.56,0.3060519958793603
0.75,0.96,0.56,0.33248134959755954
0.75,1.0,0.56,0.3608970820408561
0.75,0.0,0.6,0.0
0.75,0.04,0.6,0.00792229178835002
0.75,0.08,0.6,0.015898315720503667
0.75,0.12,0.6,0.0239820739835955
0.75,0.16,0.6,0.03222810994167768
0.75,0.2,0.6,0.040691781454244604
0.75,0.24,0.6,0.04942953748323434
0.75,0.28,0.6,0.05849919910506209
0.75,0.32,0.6,0.06796024606164769
0.75,0.36,0.6,0.07787411000659243
0.75,0.4,0.6,0.08830447563032486
0.75,0.44,0.6,0.09931759088044409
0.75,0.48,0.6,0.11098258752769209
0.75,0.52,0.6,0.123371813364258
0.75,0.56,0.6,0.13656117737279802
0.75,0.6,0.6,0.15063050927766283
0.75,0.64,0.6,0.16566393492711315
0.75,0.68,0.6,0.18175026892315188
0.75,0.72,0.6,0.19898342614394138
0.75,0.76,0.6,0.21746285421221118
0.75,0.8,0.6,0.2372939874886605
0.75,0.84,0.6,0.25858872511810244
0.75,0.88,0.6,0.28146593985355683
0.75,0.92,0.6,0.3060519958793565
0.75,0.96,0.6,0.33248134959757036
0.75,1.0,0.6,0.36089708204085436
0.75,0.0,0.64,0.0
0.75,0.04,0.64,0.007922291788349956
0.75,0.08,0.64,0.015898315720503157
0.75,0.12,0.64,0.023982073983595444
0.75,0.16,0.64,0.03222810994167734
0.75,0.2,0.64,0.040691781454244916
0.75,0.24,0.64,0.04942953748323548
0.75,0.28,0.64,0.0584991991050612
0.75,0.32,0.64,0.06796024606164719
0.75,0.36,0.64,0.07787411000659243
0.75,0.4,0.64,0.08830447563032286
0.75,0.44,0.64,0.09931759088044659
0.75,0.48,0.64,0.11098258752769181
0.75,0.52,0.64,0.12337181336425583
0.75,0.56,0.64,0.13656117737279883
0.75,0.6,0.64,0.15063050927766156
0.75,0.64,0.64,0.1656639349271102
0.75,0.68,0.64,0.18175026892314758
0.75,0.72,0.64,0.19898342614393777
0.75,0.76,0.64,0.21746285421221123
0.75,0.8,0.64,0.23729398748865957
0.75,0.84,0.64,0.2585887251181009
0.75,0.88,0.64,0.2814659398535554
0.75,0.92,0.64,0.3060519958793568
0.75,0.96,0.64,0.3324813495975664
0.75,1.0,0.64,0.3608970820408475
0.75,0.0,0.68,0.0
0.75,0.04,0.68,0.007922291788350072
0.75,0.08,0.68,0.015898315720503126
0.75,0.12,0.68,0.023982073983595472
0.75,0.16,0.68,0.03222810994167755
0.75,0.2,0.68,0.040691781454243396
0.75,0.24,0.68,0.04942953748323385
0.75,0.28,0.68,0.058499199105062495
0.75,0.32,0.68,0.06796024606164816
0.75,0.36,0.68,0.07787411000659268
0.75,0.4,0.68,0.08830447563032574
0.75,0.44,0.68,0.09931759088044548
0.75,0.48,0.68,0.11098258752769219
0.75,0.52,0.68,0.1233718133642558
0.75,0.56,0.68,0.13656117737279486
0.75,0.6,0.68,0.1506305092776575
0.75,0.64,0.68,0.16566393492710962
0.75,0.68,0.68,0.18175026892314716
0.75,0.72,0.68,0.19898342614394154
0.75,0.76,0.68,0.2174628542122094
0.75,0.8,0.68,0.23729398748865965
0.75,0.84,0.68,0.2585887251180996
0.75,0.88,0.68,0.28146593985355356
0.75,0.92,0.68,0.30605199587936016
0.75,0.96,0.68,0.3324813495975609
0.75,1.0,0.68,0.36089708204085247
0.75,0.0,0.72,0.0
0.75,0.04,0.72,0.007922291788350041
0.75,0.08,0.72,0.015898315720503205
0.75,0.12,0.72,0.023982073983595604
0.75,0.16,0.72,0.03222810994167748
0.75,0.2,0.72,0.04069178145424411
0.75,0.24,0.72,0.04942953748323409
0.75,0.28,0.72,0.058499199105061586
0.75,0.32,0.72,0.06796024606164526
0.75,0.36,0.72,0.07787411000659289
0.75,0.4,0.72,0.08830447563032479
0.75,0.44,0.72,0.09931759088044663
0.75,0.48,0.72,0.11098258752769281
0.75,0.52,0.72,0.12337181336425948
0.75,0.56,0.72,0.13656117737279738
0.75,0.6,0.72,0.15063050927766056
0.75,0.64,0.72,0.1656639349271118
0.75,0.68,0.72,0.18175026892314897
0.75,0.72,0.72,0.1989834261439428
0.75,0.76,0.72,0.21746285421220884
0.75,0.8,0.72,0.23729398748865527
0.75,0.84,0.72,0.25858872511809716
0.75,0.88,0.72,0.28146593985355284
0.75,0.92,0.72,0.30605199587936394
0.75,0.96,0.72,0.33248134959756964
0.75,1.0,0.72,0.3608970820408562
0.75,0.0,0.76,0.0
0.75,0.04,0.76,0.007922291788350192
0.75,0.08,0.76,0.01589831572050331
0.75,0.12,0.76,0.02398207398359556
0.75,0.16,0.76,0.032228109941677144
0.75,0.2,0.76,0.04069178145424465
0.75,0.24,0.76,0.04942953748323499
0.75,0.28,0.76,0.05849919910506082
0.75,0.32,0.76,0.06796024606164751
0.75,0.36,0.76,0.07787411000659243
0.75,0.4,0.76,0.08830447563032402
0.75,0.44,0.76,0.09931759088044602
0.75,0.48,0.76,0.11098258752769462
0.75,0.52,0.76,0.1233718133642553
0.75,0.56,0.76,0.13656117737279877
0.75,0.6,0.76,0.15063050927765836
0.75,0.64,0.76,0.1656639349271124
0.75,0.68,0.76,0.18175026892315307
0.75,0.72,0.76,0.19898342614394196
0.75,0.76,0.76,0.21746285421221112
0.75,0.8,0.76,0.237293987488657
0.75,0.84,0.76,0.2585887251181029
0.75,0.88,0.76,0.2814659398535616
0.75,0.92,0.76,0.3060519958793612
0.75,0.96,0.76,0.3324813495975629
0.75,1.0,0.76,0.3608970820408527
0.75,0.0,0.8,0.0
0.75,0.04,0.8,0.007922291788350133
0.75,0.08,0.8,0.015898315720503885
0.75,0.12,0.8,0.02398207398359594
0.75,0.16,0.8,0.03222810994167726
0.75,0.2,0.8,0.040691781454244964
0.75,0.24,0.8,0.049429537483234545
0.75,0.28,0.8,0.058499199105060726
0.75,0.32,0.8,0.06796024606164672
0.75,0.36,0.8,0.07787411000659203
0.75,0.4,0.8,0.08830447563032354
0.75,0.44,0.8,0.0993175908804462
0.75,0.48,0.8,0.11098258752769248
0.75,0.52,0.8,0.12337181336425618
0.75,0.56,0.8,0.13656117737279516
0.75,0.6,0.8,0.1506305092776601
0.75,0.64,0.8,0.16566393492711604
0.75,0.68,0.8,0.18175026892314752
0.75,0.72,0.8,0.19898342614394207
0.75,0.76,0.8,0.21746285421220893
0.75,0.8,0.8,0.2372939874886567
0.75,0.84,0.8,0.258588725118097
0.75,0.88,0.8,0.28146593985354956
0.75,0.92,0.8,0.30605199587936255
0.75,0.96,0.8,0.3324813495975648
0.75,1.0,0.8,0.36089708204084764
0.75,0.0,0.84,0.0
0.75,0.04,0.84,0.007922291788349982
0.75,0.08,0.84,0.015898315720503143
0.75,0.12,0.84,0.023982073983595944
0.75,0.16,0.84,0.032228109941676956
0.75,0.2,0.84,0.04069178145424482
0.75,0.24,0.84,0.049429537483234254
0.75,0.28,0.84,0.0584991991050621
0.75,0.32,0.84,0.0679602460616475
0.75,0.36,0.84,0.07787411000659349
0.75,0.4,0.84,0.08830447563032502
0.75,0.44,0.84,0.09931759088044709
0.75,0.48,0.84,0.11098258752769204
0.75,0.52,0.84,0.12337181336425979
0.75,0.56,0.84,0.13656117737279794
0.75,0.6,0.84,0.1506305092776636
0.75,0.64,0.84,0.1656639349271087
0.75,0.68,0.84,0.18175026892314983
0.75,0.72,0.84,0.19898342614394232
0.75,0.76,0.84,0.21746285421220907
0.75,0.8,0.84,0.23729398748865738
0.75,0.84,0.84,0.2585887251180999
0.75,0.88,0.84,0.2814659398535618
0.75,0.92,0.84,0.3060519958793651
0.75,0.96,0.84,0.3324813495975622
0.75,1.0,0.84,0.36089708204084947
0.75,0.0,0.88,0.0
0.75,0.04,0.88,0.00792229178835031
0.75,0.08,0.88,0.015898315720503715
0.75,0.12,0.88,0.023982073983595042
0.75,0.16,0.88,0.03222810994167733
0.75,0.2,0.88,0.04069178145424445
0.75,0.24,0.88,0.049429537483235
0.75,0.28,0.88,0.058499199105061156
0.75,0.32,0.88,0.067960246061647
0.75,0.36,0.88,0.07787411000659157
0.75,0.4,0.88,0.08830447563032447
0.75,0.44,0.88,0.09931759088044573
0.75,0.48,0.88,0.11098258752769366
0.75,0.52,0.88,0.12337181336425676
0.75,0.56,0.88,0.13656117737279747
0.75,0.6,0.88,0.1506305092776596
0.75,0.64,0.88,0.1656639349271118
0.75,0.68,0.88,0.18175026892315024
0.75,0.72,0.88,0.19898342614394326
0.75,0.76,0.88,0.21746285421220793
0.75,0.8,0.88,0.2372939874886588
0.75,0.84,0.88,0.25858872511810077
0.75,0.88,0.88,0.2814659398535527
0.75,0.92,0.88,0.30605199587936754
0.75,0.96,0.88,0.3324813495975588
0.75,1.0,0.88,0.3608970820408487
0.75,0.0,0.92,0.0
0.75,0.04,0.92,0.007922291788350182
0.75,0.08,0.92,0.015898315720503625
0.75,0.12,0.92,0.023982073983595278
0.75,0.16,0.92,0.03222810994167661
0.75,0.2,0.92,0.0406917814542444
0.75,0.24,0.92,0.04942953748323453
0.75,0.28,0.92,0.05849919910506248
0.75,0.32,0.92,0.06796024606164904
0.75,0.36,0.92,0.07787411000659196
0.75,0.4,0.92,0.08830447563032391
0.75,0.44,0.92,0.09931759088044614
0.75,0.48,0.92,0.11098258752769141
0.75,0.52,0.92,0.1233718133642568
0.75,0.56,0.92,0.1365611773727975
0.75,0.6,0.92,0.15063050927766033
0.75,0.64,0.92,0.16566393492710935
0.75,0.68,0.92,0.18175026892315302
0.75,0.72,0.92,0.19898342614393846
0.75,0.76,0.92,0.21746285421220704
0.75,0.8,0.92,0.2372939874886606
0.75,0.84,0.92,0.25858872511809994
0.75,0.88,0.92,0.28146593985355367
0.75,0.92,0.92,0.30605199587936555
0.75,0.96,0.92,0.3324813495975666
0.75,1.0,0.92,0.3608970820408505
0.75,0.0,0.96,0.0
0.75,0.04,0.96,0.007922291788350003
0.75,0.08,0.96,0.015898315720503094
0.75,0.12,0.96,0.023982073983595642
0.75,0.16,0.96,0.03222810994167763
0.75,0.2,0.96,0.04069178145424471
0.75,0.24,0.96,0.04942953748323481
0.75,0.28,0.96,0.058499199105062044
0.75,0.32,0.96,0.06796024606164783
0.75,0.36,0.96,0.07787411000659239
0.75,0.4,0.96,0.0883044756303244
0.75,0.44,0.96,0.09931759088044463
0.75,0.48,0.96,0.11098258752769304
0.75,0.52,0.96,0.1233718133642589
0.75,0.56,0.96,0.13656117737279577
0.75,0.6,0.96,0.15063050927766325
0.75,0.64,0.96,0.16566393492711243
0.75,0.68,0.96,0.1817502689231513
0.75,0.72,0.96,0.19898342614394157
0.75,0.76,0.96,0.21746285421221023
0.75,0.8,0.96,0.23729398748865918
0.75,0.84,0.96,0.25858872511809633
0.75,0.88,0.96,0.28146593985355806
0.75,0.92,0.96,0.3060519958793587
0.75,0.96,0.96,0.33248134959756165
0.75,1.0,0.96,0.36089708204085313
0.75,0.0,1.0,0.0
0.75,0.04,1.0,0.00792229178835012
0.75,0.08,1.0,0.015898315720503344
0.75,0.12,1.0,0.023982073983595534
0.75,0.16,1.0,0.032228109941677255
0.75,0.2,1.0,0.04069178145424379
0.75,0.24,1.0,0.04942953748323398
0.75,0.28,1.0,0.05849919910506154
0.75,0.32,1.0,0.06796024606164762
0.75,0.36,1.0,0.07787411000659233
0.75,0.4,1.0,0.0883044756303237
0.75,0.44,1.0,0.09931759088044617
0.75,0.48,1.0,0.11098258752769219
0.75,0.52,1.0,0.12337181336425702
0.75,0.56,1.0,0.13656117737279805
0.75,0.6,1.0,0.15063050927765936
0.75,0.64,1.0,0.16566393492711237
0.75,0.68,1.0,0.18175026892314947
0.75,0.72,1.0,0.19898342614393943
0.75,0.76,1.0,0.21746285421220957
0.75,0.8,1.0,0.2372939874886579
0.75,0.84,1.0,0.2585887251180941
0.75,0.88,1.0,0.28146593985355817
0.75,0.92,1.0,0.30605199587935894
0.75,0.96,1.0,0.33248134959756753
0.75,1.0,1.0,0.36089708204085474
1.0,0.0,0.0,0.0
1.0,0.04,0.0,0.01237926067392724
1.0,0.08,0.0,0.02482733581045267
1.0,0.12,0.0,0.03741335049980535
1.0,0.16,0.0,0.05020705232353687
1.0,0.2,0.0,0.06327912569506582
1.0,0.24,0.0,0.0767015099273649
1.0,0.28,0.0,0.09054772229238855
1.0,0.32,0.0,0.10489318735597303
1.0,0.36,0.0,0.11981557389590619
1.0,0.4,0.0,0.13539514073977177
1.0,0.44,0.0,0.1517150928933505
1.0,0.48,0.0,0.1688619493700985
1.0,0.52,0.0,0.1869259241770531
1.0,0.56,0.0,0.20600132196157744
1.0,0.6,0.0,0.22618694987847018
1.0,0.64,0.0,0.2475865473029018
1.0,0.68,0.0,0.27030923508505283
1.0,0.72,0.0,0.29446998609894637
1.0,0.76,0.0,0.32019011892585153
1.0,0.8,0.0,0.34759781667289996
1.0,0.84,0.0,0.376828672832766
1.0,0.88,0.0,0.4080262663634942
1.0,0.92,0.0,0.4413427686223715
1.0,0.96,0.0,0.4769395830444108
1.0,1.0,0.0,0.5149880231270876
1.0,0.0,0.04,0.0
1.0,0.04,0.04,0.012379260673927245
1.0,0.08,0.04,0.024827335810452673
1.0,0.12,0.04,0.03741335049980535
1.0,0.16,0.04,0.05020705232353688
1.0,0.2,0.04,0.0632791256950658
1.0,0.24,0.04,0.07670150992736491
1.0,0.28,0.04,0.09054772229238857
1.0,0.32,0.04,0.104893187355973
1.0,0.36,0.04,0.11981557389590616
1.0,0.4,0.04,0.13539514073977177
1.0,0.44,0.04,0.1517150928933505
1.0,0.48,0.04,0.16886194937009852
1.0,0.52,0.04,0.18692592417705306
1.0,0.56,0.04,0.20600132196157744
1.0,0.6,0.04,0.22618694987847024
1.0,0.64,0.04,0.24758654730290197
1.0,0.68,0.04,0.2703092350850529
1.0,0.72,0.04,0.29446998609894637
1.0,0.76,0.04,0.32019011892585164
1.0,0.8,0.04,0.3475978166729
1.0,0.84,0.04,0.376828672832766
1.0,0.88,0.04,0.4080262663634942
1.0,0.92,0.04,0.44134276862237154
1.0,0.96,0.04,0.476939583044411
1.0,1.0,0.04,0.5149880231270876
1.0,0.0,0.08,0.0
1.0,0.04,0.08,0.012379260673927242
1.0,0.08,0.08,0.02482733581045267
1.0,0.12,0.08,0.03741335049980534
1.0,0.16,0.08,0.05020705232353688
1.0,0.2,0.08,0.06327912569506586
1.0,0.24,0.08,0.07670150992736498
1.0,0.28,0.08,0.09054772229238858
1.0,0.32,0.08,0.10489318735597311
1.0,0.36,0.08,0.11981557389590627
1.0,0.4,0.08,0.13539514073977182
1.0,0.44,0.08,0.15171509289335045
1.0,0.48,0.08,0.1688619493700985
1.0,0.52,0.08,0.18692592417705306
1.0,0.56,0.08,0.20600132196157747
1.0,0.6,0.08,0.22618694987847027
1.0,0.64,0.08,0.2475865473029018
1.0,0.68,0.08,0.2703092350850528
1.0,0.72,0.08,0.2944699860989464
1.0,0.76,0.08,0.32019011892585175
1.0,0.8,0.08,0.3475978166729002
1.0,0.84,0.08,0.37682867283276605
1.0,0.88,0.08,0.40802626636349393
1.0,0.92,0.08,0.44134276862237115
1.0,0.96,0.08,0.4769395830444106
1.0,1.0,0.08,0.5149880231270874
1.0,0.0,0.12,0.0
1.0,0.04,0.12,0.012379260673927245
1.0,0.08,0.12,0.024827335810452673
1.0,0.12,0.12,0.03741335049980536
1.0,0.16,0.12,0.050207052323536915
1.0,0.2,0.12,0.06327912569506589
1.0,0.24,0.12,0.07670150992736506
1.0,0.28,0.12,0.09054772229238871
1.0,0.32,0.12,0.10489318735597318
1.0,0.36,0.12,0.11981557389590637
1.0,0.4,0.12,0.13539514073977188
1.0,0.44,0.12,0.15171509289335056
1.0,0.48,0.12,0.1688619493700986
1.0,0.52,0.12,0.18692592417705317
1.0,0.56,0.12,0.20600132196157747
1.0,0.6,0.12,0.22618694987847018
1.0,0.64,0.12,0.2475865473029018
1.0,0.68,0.12,0.2703092350850528
1.0,0.72,0.12,0.2944699860989463
1.0,0.76,0.12,0.32019011892585186
1.0,0.8,0.12,0.34759781667290013
1.0,0.84,0.12,0.37682867283276594
1.0,0.88,0.12,0.408026266363494
1.0,0.92,0.12,0.441342768622371
1.0,0.96,0.12,0.4769395830444104
1.0,1.0,0.12,0.5149880231270874
1.0,0.0,0.16,0.0
1.0,0.04,0.16,0.012379260673927247
1.0,0.08,0.16,0.024827335810452694
1.0,0.12,0.16,0.03741335049980541
1.0,0.16,0.16,0.05020705232353698
1.0,0.2,0.16,0.06327912569506597
1.0,0.24,0.16,0.0767015099273651
1.0,0.28,0.16,0.09054772229238876
1.0,0.32,0.16,0.10489318735597318
1.0,0.36,0.16,0.1198155738959064
1.0,0.4,0.16,0.135395140739772
1.0,0.44,0.16,0.15171509289335075
1.0,0.48,0.16,0.1688619493700987
1.0,0.52,0.16,0.18692592417705334
1.0,0.56,0.16,0.20600132196157755
1.0,0.6,0.16,0.22618694987847038
1.0,0.64,0.16,0.247586547302902
1.0,0.68,0.16,0.2703092350850528
1.0,0.72,0.16,0.29446998609894626
1.0,0.76,0.16,0.32019011892585164
1.0,0.8,0.16,0.3475978166729
1.0,0.84,0.16,0.37682867283276583
1.0,0.88,0.16,0.4080262663634938
1.0,0.92,0.16,0.44134276862237065
1.0,0.96,0.16,0.4769395830444103
1.0,1.0,0.16,0.5149880231270874
1.0,0.0,0.2,0.0
1.0,0.04,0.2,0.012379260673927257
1.0,0.08,0.2,0.024827335810452718
1.0,0.12,0.2,0.037413350499805466
1.0,0.16,0.2,0.05020705232353703
1.0,0.2,0.2,0.063279125695066
1.0,0.24,0.2,0.0767015099273651
1.0,0.28,0.2,0.09054772229238876
1.0,0.32,0.2,0.10489318735597314
1.0,0.36,0.2,0.11981557389590644
1.0,0.4,0.2,0.13539514073977205
1.0,0.44,0.2,0.1517150928933508
1.0,0.48,0.2,0.1688619493700988
1.0,0.52,0.2,0.18692592417705342
1.0,0.56,0.2,0.20600132196157767
1.0,0.6,0.2,0.22618694987847038
1.0,0.64,0.2,0.24758654730290197
1.0,0.68,0.2,0.2703092350850529
1.0,0.72,0.2,0.29446998609894626
1.0,0.76,0.2,0.3201901189258517
1.0,0.8,0.2,0.3475978166728999
1.0,0.84,0.2,0.3768286728327657
1.0,0.88,0.2,0.40802626636349376
1.0,0.92,0.2,0.44134276862237076
1.0,0.96,0.2,0.47693958304441036
1.0,1.0,0.2,0.5149880231270872
1.0,0.0,0.24,0.0
1.0,0.04,0.24,0.012379260673927263
1.0,0.08,0.24,0.024827335810452725
1.0,0.12,0.24,0.03741335049980547
1.0,0.16,0.24,0.05020705232353706
1.0,0.2,0.24,0.063279125695066
1.0,0.24,0.24,0.0767015099273651
1.0,0.28,0.24,0.09054772229238875
1.0,0.32,0.24,0.10489318735597308
1.0,0.36,0.24,0.11981557389590639
1.0,0.4,0.24,0.13539514073977205
1.0,0.44,0.24,0.15171509289335075
1.0,0.48,0.24,0.1688619493700988
1.0,0.52,0.24,0.18692592417705337
1.0,0.56,0.24,0.20600132196157764
1.0,0.6,0.24,0.22618694987847035
1.0,0.64,0.24,0.247586547302902
1.0,0.68,0.24,0.27030923508505306
1.0,0.72,0.24,0.2944699860989465
1.0,0.76,0.24,0.32019011892585175
1.0,0.8,0.24,0.34759781667290024
1.0,0.84,0.24,0.37682867283276616
1.0,0.88,0.24,0.4080262663634941
1.0,0.92,0.24,0.4413427686223708
1.0,0.96,0.24,0.47693958304441036
1.0,1.0,0.24,0.5149880231270872
1.0,0.0,0.28,0.0
1.0,0.04,0.28,0.012379260673927264
1.0,0.08,0.28,0.024827335810452707
1.0,0.12,0.28,0.03741335049980544
1.0,0.16,0.28,0.05020705232353703
1.0,0.2,0.28,0.06327912569506593
1.0,0.24,0.28,0.07670150992736509
1.0,0.28,0.28,0.09054772229238876
1.0,0.32,0.28,0.10489318735597317
1.0,0.36,0.28,0.11981557389590644
1.0,0.4,0.28,0.13539514073977205
1.0,0.44,0.28,0.15171509289335086
1.0,0.48,0.28,0.16886194937009893
1.0,0.52,0.28,0.18692592417705353
1.0,0.56,0.28,0.20600132196157764
1.0,0.6,0.28,0.2261869498784703
1.0,0.64,0.28,0.24758654730290203
1.0,0.68,0.28,0.27030923508505295
1.0,0.72,0.28,0.29446998609894626
1.0,0.76,0.28,0.32019011892585175
1.0,0.8,0.28,0.3475978166729003
1.0,0.84,0.28,0.37682867283276633
1.0,0.88,0.28,0.40802626636349415
1.0,0.92,0.28,0.441342768622371
1.0,0.96,0.28,0.4769395830444102
1.0,1.0,0.28,0.514988023127087
1.0,0.0,0.32,0.0
1.0,0.04,0.32,0.012379260673927263
1.0,0.08,0.32,0.024827335810452704
1.0,0.12,0.32,0.03741335049980541
1.0,0.16,0.32,0.050207052323536984
1.0,0.2,0.32,0.06327912569506594
1.0,0.24,0.32,0.07670150992736507
1.0,0.28,0.32,0.09054772229238876
1.0,0.32,0.32,0.10489318735597326
1.0,0.36,0.32,0.11981557389590647
1.0,0.4,0.32,0.13539514073977216
1.0,0.44,0.32,0.15171509289335092
1.0,0.48,0.32,0.168861949370099
1.0,0.52,0.32,0.18692592417705353
1.0,0.56,0.32,0.20600132196157783
1.0,0.6,0.32,0.22618694987847038
1.0,0.64,0.32,0.2475865473029021
1.0,0.68,0.32,0.270309235085053
1.0,0.72,0.32,0.2944699860989465
1.0,0.76,0.32,0.32019011892585186
1.0,0.8,0.32,0.3475978166729003
1.0,0.84,0.32,0.3768286728327663
1.0,0.88,0.32,0.4080262663634942
1.0,0.92,0.32,0.4413427686223714
1.0,0.96,0.32,0.4769395830444106
1.0,1.0,0.32,0.5149880231270871
1.0,0.0,0.36,0.0
1.0,0.04,0.36,0.012379260673927259
1.0,0.08,0.36,0.02482733581045272
1.0,0.12,0.36,0.03741335049980542
1.0,0.16,0.36,0.050207052323537
1.0,0.2,0.36,0.06327912569506597
1.0,0.24,0.36,0.0767015099273651
1.0,0.28,0.36,0.0905477222923888
1.0,0.32,0.36,0.10489318735597325
1.0,0.36,0.36,0.11981557389590645
1.0,0.4,0.36,0.1353951407397721
1.0,0.44,0.36,0.151715092893351
1.0,0.48,0.36,0.16886194937009902
1.0,0.52,0.36,0.18692592417705367
1.0,0.56,0.36,0.20600132196157778
1.0,0.6,0.36,0.22618694987847032
1.0,0.64,0.36,0.24758654730290197
1.0,0.68,0.36,0.27030923508505306
1.0,0.72,0.36,0.29446998609894665
1.0,0.76,0.36,0.32019011892585175
1.0,0.8,0.36,0.3475978166729002
1.0,0.84,0.36,0.3768286728327661
1.0,0.88,0.36,0.40802626636349437
1.0,0.92,0.36,0.4413427686223717
1.0,0.96,0.36,0.4769395830444109
1.0,1.0,0.36,0.5149880231270874
1.0,0.0,0.4,0.0
1.0,0.04,0.4,0.012379260673927266
1.0,0.08,0.4,0.02482733581045272
1.0,0.12,0.4,0.03741335049980544
1.0,0.16,0.4,0.05020705232353702
1.0,0.2,0.4,0.063279125695066
1.0,0.24,0.4,0.07670150992736513
1.0,0.28,0.4,0.0905477222923888
1.0,0.32,0.4,0.10489318735597325
1.0,0.36,0.4,0.11981557389590657
1.0,0.4,0.4,0.13539514073977219
1.0,0.44,0.4,0.15171509289335092
1.0,0.48,0.4,0.168861949370099
1.0,0.52,0.4,0.18692592417705364
1.0,0.56,0.4,0.2060013219615779
1.0,0.6,0.4,0.22618694987847046
1.0,0.64,0.4,0.24758654730290203
1.0,0.68,0.4,0.270309235085053
1.0,0.72,0.4,0.2944699860989465
1.0,0.76,0.4,0.3201901189258518
1.0,0.8,0.4,0.34759781667290013
1.0,0.84,0.4,0.37682867283276616
1.0,0.88,0.4,0.4080262663634944
1.0,0.92,0.4,0.4413427686223719
1.0,0.96,0.4,0.4769395830444111
1.0,1.0,0.4,0.5149880231270876
1.0,0.0,0.44,0.0
1.0,0.04,0.44,0.012379260673927273
1.0,0.08,0.44,0.024827335810452735
1.0,0.12,0.44,0.03741335049980546
1.0,0.16,0.44,0.050207052323537046
1.0,0.2,0.44,0.06327912569506601
1.0,0.24,0.44,0.07670150992736516
1.0,0.28,0.44,0.09054772229238879
1.0,0.32,0.44,0.10489318735597333
1.0,0.36,0.44,0.11981557389590657
1.0,0.4,0.44,0.13539514073977216
1.0,0.44,0.44,0.15171509289335092
1.0,0.48,0.44,0.16886194937009902
1.0,0.52,0.44,0.18692592417705356
1.0,0.56,0.44,0.20600132196157786
1.0,0.6,0.44,0.22618694987847046
1.0,0.64,0.44,0.24758654730290203
1.0,0.68,0.44,0.27030923508505295
1.0,0.72,0.44,0.29446998609894665
1.0,0.76,0.44,0.320190118925852
1.0,0.8,0.44,0.34759781667290035
1.0,0.84,0.44,0.37682867283276605
1.0,0.88,0.44,0.40802626636349426
1.0,0.92,0.44,0.4413427686223716
1.0,0.96,0.44,0.47693958304441086
1.0,1.0,0.44,0.5149880231270878
1.0,0.0,0.48,0.0
1.0,0.04,0.48,0.012379260673927276
1.0,0.08,0.48,0.02482733581045273
1.0,0.12,0.48,0.03741335049980546
1.0,0.16,0.48,0.05020705232353706
1.0,0.2,0.48,0.06327912569506607
1.0,0.24,0.48,0.0767015099273651
1.0,0.28,0.48,0.09054772229238885
1.0,0.32,0.48,0.10489318735597329
1.0,0.36,0.48,0.11981557389590654
1.0,0.4,0.48,0.13539514073977219
1.0,0.44,0.48,0.1517150928933509
1.0,0.48,0.48,0.1688619493700989
1.0,0.52,0.48,0.1869259241770536
1.0,0.56,0.48,0.20600132196157783
1.0,0.6,0.48,0.22618694987847068
1.0,0.64,0.48,0.24758654730290208
1.0,0.68,0.48,0.270309235085053
1.0,0.72,0.48,0.29446998609894665
1.0,0.76,0.48,0.3201901189258519
1.0,0.8,0.48,0.3475978166729001
1.0,0.84,0.48,0.3768286728327659
1.0,0.88,0.48,0.40802626636349404
1.0,0.92,0.48,0.44134276862237115
1.0,0.96,0.48,0.4769395830444107
1.0,1.0,0.48,0.5149880231270876
1.0,0.0,0.52,0.0
1.0,0.04,0.52,0.012379260673927271
1.0,0.08,0.52,0.024827335810452742
1.0,0.12,0.52,0.03741335049980548
1.0,0.16,0.52,0.05020705232353707
1.0,0.2,0.52,0.06327912569506605
1.0,0.24,0.52,0.07670150992736519
1.0,0.28,0.52,0.09054772229238886
1.0,0.32,0.52,0.10489318735597335
1.0,0.36,0.52,0.11981557389590658
1.0,0.4,0.52,0.1353951407397722
1.0,0.44,0.52,0.15171509289335097
1.0,0.48,0.52,0.16886194937009893
1.0,0.52,0.52,0.1869259241770536
1.0,0.56,0.52,0.20600132196157797
1.0,0.6,0.52,0.22618694987847066
1.0,0.64,0.52,0.2475865473029021
1.0,0.68,0.52,0.27030923508505306
1.0,0.72,0.52,0.2944699860989466
1.0,0.76,0.52,0.32019011892585175
1.0,0.8,0.52,0.34759781667289963
1.0,0.84,0.52,0.3768286728327656
1.0,0.88,0.52,0.40802626636349376
1.0,0.92,0.52,0.441342768622371
1.0,0.96,0.52,0.47693958304441053
1.0,1.0,0.52,0.5149880231270874
1.0,0.0,0.56,0.0
1.0,0.04,0.56,0.012379260673927268
1.0,0.08,0.56,0.024827335810452725
1.0,0.12,0.56,0.03741335049980545
1.0,0.16,0.56,0.05020705232353707
1.0,0.2,0.56,0.06327912569506608
1.0,0.24,0.56,0.07670150992736521
1.0,0.28,0.56,0.09054772229238889
1.0,0.32,0.56,0.10489318735597335
1.0,0.36,0.56,0.11981557389590661
1.0,0.4,0.56,0.1353951407397723
1.0,0.44,0.56,0.15171509289335106
1.0,0.48,0.56,0.16886194937009896
1.0,0.52,0.56,0.18692592417705364
1.0,0.56,0.56,0.206001321961578
1.0,0.6,0.56,0.22618694987847063
1.0,0.64,0.56,0.2475865473029019
1.0,0.68,0.56,0.27030923508505283
1.0,0.72,0.56,0.29446998609894653
1.0,0.76,0.56,0.3201901189258516
1.0,0.8,0.56,0.3475978166728997
1.0,0.84,0.56,0.37682867283276544
1.0,0.88,0.56,0.4080262663634936
1.0,0.92,0.56,0.441342768622371
1.0,0.96,0.56,0.4769395830444104
1.0,1.0,0.56,0.514988023127087
1.0,0.0,0.6,0.0
1.0,0.04,0.6,0.012379260673927263
1.0,0.08,0.6,0.024827335810452707
1.0,0.12,0.6,0.037413350499805445
1.0,0.16,0.6,0.050207052323537046
1.0,0.2,0.6,0.06327912569506607
1.0,0.24,0.6,0.0767015099273652
1.0,0.28,0.6,0.09054772229238889
1.0,0.32,0.6,0.10489318735597335
1.0,0.36,0.6,0.11981557389590658
1.0,0.4,0.6,0.1353951407397722
1.0,0.44,0.6,0.15171509289335103
1.0,0.48,0.6,0.16886194937009902
1.0,0.52,0.6,0.18692592417705356
1.0,0.56,0.6,0.2060013219615779
1.0,0.6,0.6,0.22618694987847038
1.0,0.64,0.6,0.2475865473029016
1.0,0.68,0.6,0.27030923508505256
1.0,0.72,0.6,0.2944699860989461
1.0,0.76,0.6,0.3201901189258514
1.0,0.8,0.6,0.34759781667289963
1.0,0.84,0.6,0.3768286728327655
1.0,0.88,0.6,0.4080262663634937
1.0,0.92,0.6,0.44134276862237115
1.0,0.96,0.6,0.4769395830444104
1.0,1.0,0.6,0.5149880231270871
1.0,0.0,0.64,0.0
1.0,0.04,0.64,0.012379260673927264
1.0,0.08,0.64,0.024827335810452718
1.0,0.12,0.64,0.03741335049980545
1.0,0.16,0.64,0.05020705232353704
1.0,0.2,0.64,0.06327912569506608
1.0,0.24,0.64,0.07670150992736519
1.0,0.28,0.64,0.09054772229238886
1.0,0.32,0.64,0.10489318735597335
1.0,0.36,0.64,0.1198155738959065
1.0,0.4,0.64,0.13539514073977216
1.0,0.44,0.64,0.15171509289335086
1.0,0.48,0.64,0.16886194937009888
1.0,0.52,0.64,0.1869259241770536
1.0,0.56,0.64,0.2060013219615778
1.0,0.6,0.64,0.2261869498784703
1.0,0.64,0.64,0.2475865473029017
1.0,0.68,0.64,0.2703092350850526
1.0,0.72,0.64,0.29446998609894603
1.0,0.76,0.64,0.32019011892585125
1.0,0.8,0.64,0.3475978166728997
1.0,0.84,0.64,0.3768286728327656
1.0,0.88,0.64,0.4080262663634938
1.0,0.92,0.64,0.44134276862237093
1.0,0.96,0.64,0.47693958304441014
1.0,1.0,0.64,0.5149880231270871
1.0,0.0,0.68,0.0
1.0,0.04,0.68,0.012379260673927266
1.0,0.08,0.68,0.02482733581045272
1.0,0.12,0.68,0.03741335049980545
1.0,0.16,0.68,0.050207052323537046
1.0,0.2,0.68,0.06327912569506611
1.0,0.24,0.68,0.07670150992736521
1.0,0.28,0.68,0.09054772229238878
1.0,0.32,0.68,0.1048931873559733
1.0,0.36,0.68,0.1198155738959065
1.0,0.4,0.68,0.13539514073977205
1.0,0.44,0.68,0.1517150928933508
1.0,0.48,0.68,0.16886194937009888
1.0,0.52,0.68,0.1869259241770536
1.0,0.56,0.68,0.2060013219615778
1.0,0.6,0.68,0.22618694987847038
1.0,0.64,0.68,0.2475865473029018
1.0,0.68,0.68,0.2703092350850526
1.0,0.72,0.68,0.29446998609894603
1.0,0.76,0.68,0.3201901189258513
1.0,0.8,0.68,0.3475978166728996
1.0,0.84,0.68,0.3768286728327656
1.0,0.88,0.68,0.4080262663634939
1.0,0.92,0.68,0.44134276862237104
1.0,0.96,0.68,0.47693958304441025
1.0,1.0,0.68,0.5149880231270869
1.0,0.0,0.72,0.0
1.0,0.04,0.72,0.012379260673927268
1.0,0.08,0.72,0.02482733581045273
1.0,0.12,0.72,0.03741335049980546
1.0,0.16,0.72,0.050207052323537074
1.0,0.2,0.72,0.0632791256950661
1.0,0.24,0.72,0.07670150992736519
1.0,0.28,0.72,0.09054772229238883
1.0,0.32,0.72,0.1048931873559733
1.0,0.36,0.72,0.11981557389590648
1.0,0.4,0.72,0.1353951407397721
1.0,0.44,0.72,0.15171509289335072
1.0,0.48,0.72,0.16886194937009885
1.0,0.52,0.72,0.1869259241770534
1.0,0.56,0.72,0.20600132196157758
1.0,0.6,0.72,0.22618694987847018
1.0,0.64,0.72,0.2475865473029016
1.0,0.68,0.72,0.2703092350850525
1.0,0.72,0.72,0.2944699860989461
1.0,0.76,0.72,0.3201901189258515
1.0,0.8,0.72,0.34759781667289974
1.0,0.84,0.72,0.37682867283276567
1.0,0.88,0.72,0.4080262663634938
1.0,0.92,0.72,0.44134276862237076
1.0,0.96,0.72,0.4769395830444102
1.0,1.0,0.72,0.514988023127087
1.0,0.0,0.76,0.0
1.0,0.04,0.76,0.012379260673927268
1.0,0.08,0.76,0.02482733581045273
1.0,0.12,0.76,0.03741335049980546
1.0,0.16,0.76,0.050207052323537046
1.0,0.2,0.76,0.06327912569506607
1.0,0.24,0.76,0.07670150992736517
1.0,0.28,0.76,0.09054772229238883
1.0,0.32,0.76,0.10489318735597326
1.0,0.36,0.76,0.1198155738959065
1.0,0.4,0.76,0.1353951407397721
1.0,0.44,0.76,0.15171509289335078
1.0,0.48,0.76,0.16886194937009885
1.0,0.52,0.76,0.18692592417705342
1.0,0.56,0.76,0.2060013219615776
1.0,0.6,0.76,0.22618694987847027
1.0,0.64,0.76,0.2475865473029017
1.0,0.68,0.76,0.27030923508505256
1.0,0.72,0.76,0.29446998609894615
1.0,0.76,0.76,0.32019011892585153
1.0,0.8,0.76,0.34759781667289996
1.0,0.84,0.76,0.37682867283276567
1.0,0.88,0.76,0.4080262663634939
1.0,0.92,0.76,0.4413427686223712
1.0,0.96,0.76,0.47693958304441053
1.0,1.0,0.76,0.5149880231270872
1.0,0.0,0.8,0.0
1.0,0.04,0.8,0.012379260673927264
1.0,0.08,0.8,0.024827335810452714
1.0,0.12,0.8,0.03741335049980543
1.0,0.16,0.8,0.050207052323537026
1.0,0.2,0.8,0.06327912569506601
1.0,0.24,0.8,0.07670150992736509
1.0,0.28,0.8,0.0905477222923888
1.0,0.32,0.8,0.10489318735597332
1.0,0.36,0.8,0.11981557389590652
1.0,0.4,0.8,0.13539514073977216
1.0,0.44,0.8,0.1517150928933509
1.0,0.48,0.8,0.16886194937009896
1.0,0.52,0.8,0.18692592417705342
1.0,0.56,0.8,0.2060013219615778
1.0,0.6,0.8,0.22618694987847035
1.0,0.64,0.8,0.24758654730290175
1.0,0.68,0.8,0.27030923508505267
1.0,0.72,0.8,0.29446998609894603
1.0,0.76,0.8,0.3201901189258516
1.0,0.8,0.8,0.34759781667289996
1.0,0.84,0.8,0.376828672832766
1.0,0.88,0.8,0.4080262663634943
1.0,0.92,0.8,0.4413427686223714
1.0,0.96,0.8,0.47693958304441075
1.0,1.0,0.8,0.5149880231270877
1.0,0.0,0.84,0.0
1.0,0.04,0.84,0.012379260673927266
1.0,0.08,0.84,0.024827335810452725
1.0,0.12,0.84,0.037413350499805424
1.0,0.16,0.84,0.05020705232353702
1.0,0.2,0.84,0.063279125695066
1.0,0.24,0.84,0.0767015099273651
1.0,0.28,0.84,0.09054772229238878
1.0,0.32,0.84,0.10489318735597324
1.0,0.36,0.84,0.11981557389590648
1.0,0.4,0.84,0.1353951407397721
1.0,0.44,0.84,0.15171509289335083
1.0,0.48,0.84,0.16886194937009893
1.0,0.52,0.84,0.18692592417705345
1.0,0.56,0.84,0.20600132196157772
1.0,0.6,0.84,0.22618694987847038
1.0,0.64,0.84,0.24758654730290197
1.0,0.68,0.84,0.27030923508505267
1.0,0.72,0.84,0.2944699860989462
1.0,0.76,0.84,0.32019011892585164
1.0,0.8,0.84,0.34759781667290013
1.0,0.84,0.84,0.3768286728327661
1.0,0.88,0.84,0.40802626636349415
1.0,0.92,0.84,0.4413427686223716
1.0,0.96,0.84,0.4769395830444113
1.0,1.0,0.84,0.5149880231270881
1.0,0.0,0.88,0.0
1.0,0.04,0.88,0.012379260673927252
1.0,0.08,0.88,0.024827335810452697
1.0,0.12,0.88,0.03741335049980543
1.0,0.16,0.88,0.050207052323537
1.0,0.2,0.88,0.06327912569506595
1.0,0.24,0.88,0.07670150992736505
1.0,0.28,0.88,0.09054772229238875
1.0,0.32,0.88,0.10489318735597325
1.0,0.36,0.88,0.11981557389590647
1.0,0.4,0.88,0.13539514073977205
1.0,0.44,0.88,0.1517150928933509
1.0,0.48,0.88,0.16886194937009902
1.0,0.52,0.88,0.18692592417705367
1.0,0.56,0.88,0.20600132196157794
1.0,0.6,0.88,0.2261869498784706
1.0,0.64,0.88,0.247586547302902
1.0,0.68,0.88,0.2703092350850528
1.0,0.72,0.88,0.2944699860989462
1.0,0.76,0.88,0.3201901189258517
1.0,0.8,0.88,0.3475978166729002
1.0,0.84,0.88,0.3768286728327661
1.0,0.88,0.88,0.4080262663634946
1.0,0.92,0.88,0.4413427686223717
1.0,0.96,0.88,0.4769395830444117
1.0,1.0,0.88,0.5149880231270886
1.0,0.0,0.92,0.0
1.0,0.04,0.92,0.01237926067392725
1.0,0.08,0.92,0.02482733581045269
1.0,0.12,0.92,0.03741335049980544
1.0,0.16,0.92,0.050207052323537005
1.0,0.2,0.92,0.06327912569506595
1.0,0.24,0.92,0.07670150992736507
1.0,0.28,0.92,0.09054772229238871
1.0,0.32,0.92,0.10489318735597315
1.0,0.36,0.92,0.1198155738959064
1.0,0.4,0.92,0.135395140739772
1.0,0.44,0.92,0.15171509289335083
1.0,0.48,0.92,0.168861949370099
1.0,0.52,0.92,0.1869259241770537
1.0,0.56,0.92,0.206001321961578
1.0,0.6,0.92,0.22618694987847057
1.0,0.64,0.92,0.24758654730290208
1.0,0.68,0.92,0.2703092350850528
1.0,0.72,0.92,0.2944699860989465
1.0,0.76,0.92,0.3201901189258518
1.0,0.8,0.92,0.3475978166729003
1.0,0.84,0.92,0.37682867283276644
1.0,0.88,0.92,0.40802626636349465
1.0,0.92,0.92,0.4413427686223721
1.0,0.96,0.92,0.4769395830444119
1.0,1.0,0.92,0.5149880231270888
1.0,0.0,0.96,0.0
1.0,0.04,0.96,0.012379260673927256
1.0,0.08,0.96,0.02482733581045271
1.0,0.12,0.96,0.037413350499805424
1.0,0.16,0.96,0.05020705232353699
1.0,0.2,0.96,0.06327912569506595
1.0,0.24,0.96,0.07670150992736505
1.0,0.28,0.96,0.09054772229238872
1.0,0.32,0.96,0.10489318735597311
1.0,0.36,0.96,0.11981557389590636
1.0,0.4,0.96,0.1353951407397719
1.0,0.44,0.96,0.15171509289335078
1.0,0.48,0.96,0.16886194937009885
1.0,0.52,0.96,0.18692592417705345
1.0,0.56,0.96,0.20600132196157803
1.0,0.6,0.96,0.22618694987847066
1.0,0.64,0.96,0.2475865473029021
1.0,0.68,0.96,0.2703092350850529
1.0,0.72,0.96,0.2944699860989464
1.0,0.76,0.96,0.32019011892585186
1.0,0.8,0.96,0.3475978166729004
1.0,0.84,0.96,0.3768286728327666
1.0,0.88,0.96,0.4080262663634947
1.0,0.92,0.96,0.4413427686223721
1.0,0.96,0.96,0.4769395830444118
1.0,1.0,0.96,0.5149880231270888
1.0,0.0,1.0,0.0
1.0,0.04,1.0,0.012379260673927254
1.0,0.08,1.0,0.024827335810452704
1.0,0.12,1.0,0.03741335049980542
1.0,0.16,1.0,0.05020705232353701
1.0,0.2,1.0,0.06327912569506598
1.0,0.24,1.0,0.07670150992736505
1.0,0.28,1.0,0.09054772229238871
1.0,0.32,1.0,0.10489318735597314
1.0,0.36,1.0,0.11981557389590636
1.0,0.4,1.0,0.1353951407397719
1.0,0.44,1.0,0.1517150928933507
1.0,0.48,1.0,0.16886194937009882
1.0,0.52,1.0,0.18692592417705342
1.0,0.56,1.0,0.20600132196157783
1.0,0.6,1.0,0.22618694987847057
1.0,0.64,1.0,0.24758654730290217
1.0,0.68,1.0,0.270309235085053
1.0,0.72,1.0,0.29446998609894653
1.0,0.76,1.0,0.3201901189258519
1.0,0.8,1.0,0.34759781667290063
1.0,0.84,1.0,0.3768286728327667
1.0,0.88,1.0,0.40802626636349476
1.0,0.92,1.0,0.441342768622372
1.0,0.96,1.0,0.4769395830444117
1.0,1.0,1.0,0.5149880231270888
