time,mean_absolute_error,max_absolute_error,l2_error
0.0,0.006757755825236685,0.028153699,0.22948752357025792
0.25,0.03232427092814072,0.0857084552780073,1.061046108498589
0.5,0.012501138013660663,0.019724172166296017,0.35335207776134
0.75,0.040481898913449985,0.1315435892299182,1.4473764498942836
1.0,0.10674348607770485,0.29039903303402637,3.547174913479307
