time,mean_absolute_error,max_absolute_error,l2_error
0.0,0.014810497158505917,0.041095912,0.4348278036499711
0.25,0.02870472024003453,0.0814782852780073,0.9704437329948028
0.5,0.011150215342633999,0.018192302166299593,0.3262389938060351
0.75,0.0392763267186775,0.12381530922990447,1.3829018990747037
1.0,0.10008309144642501,0.27326057303402634,3.331318636286775
