time,mean_absolute_error,max_absolute_error,l2_error
0.0,0.01673347839855769,0.064129084,0.5604584363857027
0.25,0.06772828661203949,0.17168039527800766,2.201505744135049
0.5,0.05252905328317682,0.1023706198226709,1.5814813437248958
0.75,0.010505363488154848,0.03892426922990888,0.34293529515170207
1.0,0.06735592978125692,0.20027966303402633,2.305323513179615
