time,mean_absolute_error,max_absolute_error,l2_error
0.0,0.01135912552358284,0.057866998,0.40361429199990184
0.25,0.04840773875963094,0.1330509752780073,1.5627225790166759
0.5,0.032204176157860406,0.05760433982267091,0.9344658028283885
0.75,0.022028672355576588,0.09000021922991819,0.867261439825841
1.0,0.09425284126262594,0.2538854530340263,3.0893711145272515
